"RG","TG"
"CCNA2_RELA","CCNA2","RELA"
"MAP2K1_RELA","MAP2K1","RELA"
"PIK3R1_RELA","PIK3R1","RELA"
"MTOR_RELA","MTOR","RELA"
"PIK3R3_RELA","PIK3R3","RELA"
"JUP_RELA","JUP","RELA"
"RUNX1T1_RELA","RUNX1T1","RELA"
"PIK3R2_RELA","PIK3R2","RELA"
"PIK3CB_RELA","PIK3CB","RELA"
"MYC_RELA","MYC","RELA"
"FCGR1A_RELA","FCGR1A","RELA"
"FLT3_RELA","FLT3","RELA"
"AKT3_RELA","AKT3","RELA"
"CD14_RELA","CD14","RELA"
"CSF1R_RELA","CSF1R","RELA"
"CCNA1_RELA","CCNA1","RELA"
"KIT_RELA","KIT","RELA"
"RPS6KB2_RELA","RPS6KB2","RELA"
"MAP2K2_RELA","MAP2K2","RELA"
"SPI1_RELA","SPI1","RELA"
"P3R3URF.PIK3R3_RELA","P3R3URF.PIK3R3","RELA"
"SOS2_RELA","SOS2","RELA"
"CEBPE_RELA","CEBPE","RELA"
"BRAF_RELA","BRAF","RELA"
"CCND1_RELA","CCND1","RELA"
"PIK3CA_RELA","PIK3CA","RELA"
"PIK3CD_RELA","PIK3CD","RELA"
"PPARD_RELA","PPARD","RELA"
"RARA_RELA","RARA","RELA"
"NFKB1_RELA","NFKB1","RELA"
"PIM1_RELA","PIM1","RELA"
"MPO_RELA","MPO","RELA"
"EIF4EBP1_RELA","EIF4EBP1","RELA"
"GRB2_RELA","GRB2","RELA"
"IKBKB_RELA","IKBKB","RELA"
"IKBKG_RELA","IKBKG","RELA"
"AKT2_RELA","AKT2","RELA"
"STAT5A_RELA","STAT5A","RELA"
"DCBLD2_RELA","DCBLD2","RELA"
"IFITM3_RELA","IFITM3","RELA"
"F2RL1_RELA","F2RL1","RELA"
"ANO1_RELA","ANO1","RELA"
"TMEM98_RELA","TMEM98","RELA"
"TMC6_RELA","TMC6","RELA"
"VAV1_RELA","VAV1","RELA"
"TGFBR2_RELA","TGFBR2","RELA"
"COL8A1_RELA","COL8A1","RELA"
"RELA_MAPK1","RELA","MAPK1"
"MAP2K1_MAPK1","MAP2K1","MAPK1"
"PIK3R1_MAPK1","PIK3R1","MAPK1"
"PIK3R3_MAPK1","PIK3R3","MAPK1"
"JUP_MAPK1","JUP","MAPK1"
"RUNX1T1_MAPK1","RUNX1T1","MAPK1"
"CHUK_MAPK1","CHUK","MAPK1"
"PIK3CB_MAPK1","PIK3CB","MAPK1"
"MYC_MAPK1","MYC","MAPK1"
"FCGR1A_MAPK1","FCGR1A","MAPK1"
"ITGAM_MAPK1","ITGAM","MAPK1"
"TCF7L2_MAPK1","TCF7L2","MAPK1"
"AKT3_MAPK1","AKT3","MAPK1"
"LEF1_MAPK1","LEF1","MAPK1"
"CD14_MAPK1","CD14","MAPK1"
"CSF1R_MAPK1","CSF1R","MAPK1"
"CCNA1_MAPK1","CCNA1","MAPK1"
"KIT_MAPK1","KIT","MAPK1"
"ZBTB16_MAPK1","ZBTB16","MAPK1"
"MAP2K2_MAPK1","MAP2K2","MAPK1"
"SOS2_MAPK1","SOS2","MAPK1"
"CEBPE_MAPK1","CEBPE","MAPK1"
"BRAF_MAPK1","BRAF","MAPK1"
"CCND1_MAPK1","CCND1","MAPK1"
"PIK3CD_MAPK1","PIK3CD","MAPK1"
"RARA_MAPK1","RARA","MAPK1"
"PIM2_MAPK1","PIM2","MAPK1"
"NFKB1_MAPK1","NFKB1","MAPK1"
"MPO_MAPK1","MPO","MAPK1"
"STAT5B_MAPK1","STAT5B","MAPK1"
"IKBKB_MAPK1","IKBKB","MAPK1"
"IKBKG_MAPK1","IKBKG","MAPK1"
"AKT2_MAPK1","AKT2","MAPK1"
"STAT5A_MAPK1","STAT5A","MAPK1"
"HTRA1_MAPK1","HTRA1","MAPK1"
"DCBLD2_MAPK1","DCBLD2","MAPK1"
"IFITM3_MAPK1","IFITM3","MAPK1"
"ANXA2_MAPK1","ANXA2","MAPK1"
"COL4A1_MAPK1","COL4A1","MAPK1"
"ANO1_MAPK1","ANO1","MAPK1"
"TMEM98_MAPK1","TMEM98","MAPK1"
"TMC6_MAPK1","TMC6","MAPK1"
"COL8A1_MAPK1","COL8A1","MAPK1"
"RELA_CCNA2","RELA","CCNA2"
"PIK3R1_CCNA2","PIK3R1","CCNA2"
"MTOR_CCNA2","MTOR","CCNA2"
"PIK3R3_CCNA2","PIK3R3","CCNA2"
"JUP_CCNA2","JUP","CCNA2"
"RUNX1T1_CCNA2","RUNX1T1","CCNA2"
"PIK3CB_CCNA2","PIK3CB","CCNA2"
"MYC_CCNA2","MYC","CCNA2"
"ITGAM_CCNA2","ITGAM","CCNA2"
"TCF7L2_CCNA2","TCF7L2","CCNA2"
"AKT3_CCNA2","AKT3","CCNA2"
"LEF1_CCNA2","LEF1","CCNA2"
"CD14_CCNA2","CD14","CCNA2"
"CCNA1_CCNA2","CCNA1","CCNA2"
"RPS6KB2_CCNA2","RPS6KB2","CCNA2"
"ZBTB16_CCNA2","ZBTB16","CCNA2"
"SPI1_CCNA2","SPI1","CCNA2"
"P3R3URF.PIK3R3_CCNA2","P3R3URF.PIK3R3","CCNA2"
"SOS2_CCNA2","SOS2","CCNA2"
"CEBPE_CCNA2","CEBPE","CCNA2"
"BRAF_CCNA2","BRAF","CCNA2"
"CCND1_CCNA2","CCND1","CCNA2"
"PIK3CA_CCNA2","PIK3CA","CCNA2"
"PPARD_CCNA2","PPARD","CCNA2"
"RARA_CCNA2","RARA","CCNA2"
"NFKB1_CCNA2","NFKB1","CCNA2"
"PIM1_CCNA2","PIM1","CCNA2"
"MPO_CCNA2","MPO","CCNA2"
"EIF4EBP1_CCNA2","EIF4EBP1","CCNA2"
"GRB2_CCNA2","GRB2","CCNA2"
"IKBKG_CCNA2","IKBKG","CCNA2"
"AKT2_CCNA2","AKT2","CCNA2"
"HTRA1_CCNA2","HTRA1","CCNA2"
"ANXA2_CCNA2","ANXA2","CCNA2"
"F2RL1_CCNA2","F2RL1","CCNA2"
"BAK1_CCNA2","BAK1","CCNA2"
"MYH14_CCNA2","MYH14","CCNA2"
"COL4A1_CCNA2","COL4A1","CCNA2"
"ANO1_CCNA2","ANO1","CCNA2"
"TMEM98_CCNA2","TMEM98","CCNA2"
"TMC6_CCNA2","TMC6","CCNA2"
"VAV1_CCNA2","VAV1","CCNA2"
"TGFBR2_CCNA2","TGFBR2","CCNA2"
"COL8A1_CCNA2","COL8A1","CCNA2"
"RELA_MAP2K1","RELA","MAP2K1"
"CCNA2_MAP2K1","CCNA2","MAP2K1"
"PIK3R1_MAP2K1","PIK3R1","MAP2K1"
"MTOR_MAP2K1","MTOR","MAP2K1"
"JUP_MAP2K1","JUP","MAP2K1"
"PIK3R2_MAP2K1","PIK3R2","MAP2K1"
"CHUK_MAP2K1","CHUK","MAP2K1"
"PIK3CB_MAP2K1","PIK3CB","MAP2K1"
"MYC_MAP2K1","MYC","MAP2K1"
"FLT3_MAP2K1","FLT3","MAP2K1"
"ITGAM_MAP2K1","ITGAM","MAP2K1"
"TCF7L2_MAP2K1","TCF7L2","MAP2K1"
"LEF1_MAP2K1","LEF1","MAP2K1"
"CD14_MAP2K1","CD14","MAP2K1"
"CCNA1_MAP2K1","CCNA1","MAP2K1"
"KIT_MAP2K1","KIT","MAP2K1"
"DUSP6_MAP2K1","DUSP6","MAP2K1"
"RPS6KB2_MAP2K1","RPS6KB2","MAP2K1"
"ZBTB16_MAP2K1","ZBTB16","MAP2K1"
"MAP2K2_MAP2K1","MAP2K2","MAP2K1"
"SOS2_MAP2K1","SOS2","MAP2K1"
"CEBPE_MAP2K1","CEBPE","MAP2K1"
"BRAF_MAP2K1","BRAF","MAP2K1"
"PIK3CD_MAP2K1","PIK3CD","MAP2K1"
"PIM2_MAP2K1","PIM2","MAP2K1"
"NFKB1_MAP2K1","NFKB1","MAP2K1"
"PIM1_MAP2K1","PIM1","MAP2K1"
"STAT5B_MAP2K1","STAT5B","MAP2K1"
"EIF4EBP1_MAP2K1","EIF4EBP1","MAP2K1"
"GRB2_MAP2K1","GRB2","MAP2K1"
"IKBKB_MAP2K1","IKBKB","MAP2K1"
"IKBKG_MAP2K1","IKBKG","MAP2K1"
"AKT2_MAP2K1","AKT2","MAP2K1"
"HTRA1_MAP2K1","HTRA1","MAP2K1"
"IFITM3_MAP2K1","IFITM3","MAP2K1"
"F2RL1_MAP2K1","F2RL1","MAP2K1"
"BAK1_MAP2K1","BAK1","MAP2K1"
"MYH14_MAP2K1","MYH14","MAP2K1"
"COL4A1_MAP2K1","COL4A1","MAP2K1"
"TMEM98_MAP2K1","TMEM98","MAP2K1"
"TMC6_MAP2K1","TMC6","MAP2K1"
"VAV1_MAP2K1","VAV1","MAP2K1"
"TGFBR2_MAP2K1","TGFBR2","MAP2K1"
"EPCAM_MAP2K1","EPCAM","MAP2K1"
"RELA_PIK3R1","RELA","PIK3R1"
"MAPK1_PIK3R1","MAPK1","PIK3R1"
"CCNA2_PIK3R1","CCNA2","PIK3R1"
"MTOR_PIK3R1","MTOR","PIK3R1"
"PIK3R3_PIK3R1","PIK3R3","PIK3R1"
"RUNX1T1_PIK3R1","RUNX1T1","PIK3R1"
"PIK3R2_PIK3R1","PIK3R2","PIK3R1"
"CHUK_PIK3R1","CHUK","PIK3R1"
"PIK3CB_PIK3R1","PIK3CB","PIK3R1"
"MYC_PIK3R1","MYC","PIK3R1"
"FLT3_PIK3R1","FLT3","PIK3R1"
"ITGAM_PIK3R1","ITGAM","PIK3R1"
"TCF7L2_PIK3R1","TCF7L2","PIK3R1"
"AKT3_PIK3R1","AKT3","PIK3R1"
"LEF1_PIK3R1","LEF1","PIK3R1"
"CD14_PIK3R1","CD14","PIK3R1"
"CSF1R_PIK3R1","CSF1R","PIK3R1"
"CCNA1_PIK3R1","CCNA1","PIK3R1"
"KIT_PIK3R1","KIT","PIK3R1"
"DUSP6_PIK3R1","DUSP6","PIK3R1"
"RPS6KB2_PIK3R1","RPS6KB2","PIK3R1"
"ZBTB16_PIK3R1","ZBTB16","PIK3R1"
"MAP2K2_PIK3R1","MAP2K2","PIK3R1"
"SPI1_PIK3R1","SPI1","PIK3R1"
"CEBPE_PIK3R1","CEBPE","PIK3R1"
"BRAF_PIK3R1","BRAF","PIK3R1"
"PIK3CD_PIK3R1","PIK3CD","PIK3R1"
"PPARD_PIK3R1","PPARD","PIK3R1"
"RARA_PIK3R1","RARA","PIK3R1"
"PIM2_PIK3R1","PIM2","PIK3R1"
"NFKB1_PIK3R1","NFKB1","PIK3R1"
"MPO_PIK3R1","MPO","PIK3R1"
"STAT5B_PIK3R1","STAT5B","PIK3R1"
"IKBKB_PIK3R1","IKBKB","PIK3R1"
"IKBKG_PIK3R1","IKBKG","PIK3R1"
"AKT2_PIK3R1","AKT2","PIK3R1"
"STAT5A_PIK3R1","STAT5A","PIK3R1"
"IFITM3_PIK3R1","IFITM3","PIK3R1"
"ANXA2_PIK3R1","ANXA2","PIK3R1"
"BAK1_PIK3R1","BAK1","PIK3R1"
"MYH14_PIK3R1","MYH14","PIK3R1"
"COL4A1_PIK3R1","COL4A1","PIK3R1"
"VAV1_PIK3R1","VAV1","PIK3R1"
"TGFBR2_PIK3R1","TGFBR2","PIK3R1"
"COL8A1_PIK3R1","COL8A1","PIK3R1"
"EPCAM_PIK3R1","EPCAM","PIK3R1"
"CCNA2_MTOR","CCNA2","MTOR"
"MAP2K1_MTOR","MAP2K1","MTOR"
"PIK3R1_MTOR","PIK3R1","MTOR"
"PIK3R3_MTOR","PIK3R3","MTOR"
"JUP_MTOR","JUP","MTOR"
"RUNX1T1_MTOR","RUNX1T1","MTOR"
"PIK3R2_MTOR","PIK3R2","MTOR"
"CHUK_MTOR","CHUK","MTOR"
"MYC_MTOR","MYC","MTOR"
"FCGR1A_MTOR","FCGR1A","MTOR"
"FLT3_MTOR","FLT3","MTOR"
"ITGAM_MTOR","ITGAM","MTOR"
"TCF7L2_MTOR","TCF7L2","MTOR"
"AKT3_MTOR","AKT3","MTOR"
"LEF1_MTOR","LEF1","MTOR"
"CD14_MTOR","CD14","MTOR"
"CSF1R_MTOR","CSF1R","MTOR"
"KIT_MTOR","KIT","MTOR"
"DUSP6_MTOR","DUSP6","MTOR"
"RPS6KB2_MTOR","RPS6KB2","MTOR"
"ZBTB16_MTOR","ZBTB16","MTOR"
"MAP2K2_MTOR","MAP2K2","MTOR"
"P3R3URF.PIK3R3_MTOR","P3R3URF.PIK3R3","MTOR"
"SOS2_MTOR","SOS2","MTOR"
"CEBPE_MTOR","CEBPE","MTOR"
"CCND1_MTOR","CCND1","MTOR"
"PIK3CA_MTOR","PIK3CA","MTOR"
"PIK3CD_MTOR","PIK3CD","MTOR"
"RARA_MTOR","RARA","MTOR"
"NFKB1_MTOR","NFKB1","MTOR"
"PIM1_MTOR","PIM1","MTOR"
"MPO_MTOR","MPO","MTOR"
"STAT5B_MTOR","STAT5B","MTOR"
"EIF4EBP1_MTOR","EIF4EBP1","MTOR"
"GRB2_MTOR","GRB2","MTOR"
"IKBKB_MTOR","IKBKB","MTOR"
"IKBKG_MTOR","IKBKG","MTOR"
"AKT2_MTOR","AKT2","MTOR"
"STAT5A_MTOR","STAT5A","MTOR"
"HTRA1_MTOR","HTRA1","MTOR"
"DCBLD2_MTOR","DCBLD2","MTOR"
"IFITM3_MTOR","IFITM3","MTOR"
"BAK1_MTOR","BAK1","MTOR"
"COL4A1_MTOR","COL4A1","MTOR"
"ANO1_MTOR","ANO1","MTOR"
"TMEM98_MTOR","TMEM98","MTOR"
"TMC6_MTOR","TMC6","MTOR"
"VAV1_MTOR","VAV1","MTOR"
"TGFBR2_MTOR","TGFBR2","MTOR"
"COL8A1_MTOR","COL8A1","MTOR"
"EPCAM_MTOR","EPCAM","MTOR"
"MAPK1_PIK3R3","MAPK1","PIK3R3"
"MAP2K1_PIK3R3","MAP2K1","PIK3R3"
"PIK3R1_PIK3R3","PIK3R1","PIK3R3"
"MTOR_PIK3R3","MTOR","PIK3R3"
"JUP_PIK3R3","JUP","PIK3R3"
"RUNX1T1_PIK3R3","RUNX1T1","PIK3R3"
"CHUK_PIK3R3","CHUK","PIK3R3"
"MYC_PIK3R3","MYC","PIK3R3"
"FCGR1A_PIK3R3","FCGR1A","PIK3R3"
"ITGAM_PIK3R3","ITGAM","PIK3R3"
"TCF7L2_PIK3R3","TCF7L2","PIK3R3"
"AKT3_PIK3R3","AKT3","PIK3R3"
"LEF1_PIK3R3","LEF1","PIK3R3"
"CD14_PIK3R3","CD14","PIK3R3"
"CSF1R_PIK3R3","CSF1R","PIK3R3"
"CCNA1_PIK3R3","CCNA1","PIK3R3"
"KIT_PIK3R3","KIT","PIK3R3"
"DUSP6_PIK3R3","DUSP6","PIK3R3"
"RPS6KB2_PIK3R3","RPS6KB2","PIK3R3"
"ZBTB16_PIK3R3","ZBTB16","PIK3R3"
"MAP2K2_PIK3R3","MAP2K2","PIK3R3"
"SPI1_PIK3R3","SPI1","PIK3R3"
"P3R3URF.PIK3R3_PIK3R3","P3R3URF.PIK3R3","PIK3R3"
"CEBPE_PIK3R3","CEBPE","PIK3R3"
"BRAF_PIK3R3","BRAF","PIK3R3"
"CCND1_PIK3R3","CCND1","PIK3R3"
"PIK3CA_PIK3R3","PIK3CA","PIK3R3"
"PIK3CD_PIK3R3","PIK3CD","PIK3R3"
"PPARD_PIK3R3","PPARD","PIK3R3"
"RARA_PIK3R3","RARA","PIK3R3"
"NFKB1_PIK3R3","NFKB1","PIK3R3"
"PIM1_PIK3R3","PIM1","PIK3R3"
"MPO_PIK3R3","MPO","PIK3R3"
"STAT5B_PIK3R3","STAT5B","PIK3R3"
"EIF4EBP1_PIK3R3","EIF4EBP1","PIK3R3"
"GRB2_PIK3R3","GRB2","PIK3R3"
"IKBKB_PIK3R3","IKBKB","PIK3R3"
"IKBKG_PIK3R3","IKBKG","PIK3R3"
"AKT2_PIK3R3","AKT2","PIK3R3"
"STAT5A_PIK3R3","STAT5A","PIK3R3"
"HTRA1_PIK3R3","HTRA1","PIK3R3"
"DCBLD2_PIK3R3","DCBLD2","PIK3R3"
"ANXA2_PIK3R3","ANXA2","PIK3R3"
"F2RL1_PIK3R3","F2RL1","PIK3R3"
"BAK1_PIK3R3","BAK1","PIK3R3"
"MYH14_PIK3R3","MYH14","PIK3R3"
"COL4A1_PIK3R3","COL4A1","PIK3R3"
"ANO1_PIK3R3","ANO1","PIK3R3"
"GP1BA_PIK3R3","GP1BA","PIK3R3"
"TMEM98_PIK3R3","TMEM98","PIK3R3"
"VAV1_PIK3R3","VAV1","PIK3R3"
"TGFBR2_PIK3R3","TGFBR2","PIK3R3"
"COL8A1_PIK3R3","COL8A1","PIK3R3"
"EPCAM_PIK3R3","EPCAM","PIK3R3"
"RELA_JUP","RELA","JUP"
"MAPK1_JUP","MAPK1","JUP"
"PIK3R1_JUP","PIK3R1","JUP"
"MTOR_JUP","MTOR","JUP"
"PIK3R3_JUP","PIK3R3","JUP"
"RUNX1T1_JUP","RUNX1T1","JUP"
"PIK3R2_JUP","PIK3R2","JUP"
"CHUK_JUP","CHUK","JUP"
"PIK3CB_JUP","PIK3CB","JUP"
"MYC_JUP","MYC","JUP"
"FCGR1A_JUP","FCGR1A","JUP"
"ITGAM_JUP","ITGAM","JUP"
"TCF7L2_JUP","TCF7L2","JUP"
"LEF1_JUP","LEF1","JUP"
"CD14_JUP","CD14","JUP"
"CSF1R_JUP","CSF1R","JUP"
"CCNA1_JUP","CCNA1","JUP"
"KIT_JUP","KIT","JUP"
"DUSP6_JUP","DUSP6","JUP"
"RPS6KB2_JUP","RPS6KB2","JUP"
"ZBTB16_JUP","ZBTB16","JUP"
"SPI1_JUP","SPI1","JUP"
"P3R3URF.PIK3R3_JUP","P3R3URF.PIK3R3","JUP"
"SOS2_JUP","SOS2","JUP"
"CEBPE_JUP","CEBPE","JUP"
"BRAF_JUP","BRAF","JUP"
"CCND1_JUP","CCND1","JUP"
"PIK3CA_JUP","PIK3CA","JUP"
"PIK3CD_JUP","PIK3CD","JUP"
"PPARD_JUP","PPARD","JUP"
"RARA_JUP","RARA","JUP"
"NFKB1_JUP","NFKB1","JUP"
"MPO_JUP","MPO","JUP"
"STAT5B_JUP","STAT5B","JUP"
"EIF4EBP1_JUP","EIF4EBP1","JUP"
"GRB2_JUP","GRB2","JUP"
"IKBKB_JUP","IKBKB","JUP"
"IKBKG_JUP","IKBKG","JUP"
"AKT2_JUP","AKT2","JUP"
"STAT5A_JUP","STAT5A","JUP"
"DCBLD2_JUP","DCBLD2","JUP"
"IFITM3_JUP","IFITM3","JUP"
"ANXA2_JUP","ANXA2","JUP"
"F2RL1_JUP","F2RL1","JUP"
"BAK1_JUP","BAK1","JUP"
"MYH14_JUP","MYH14","JUP"
"COL4A1_JUP","COL4A1","JUP"
"ANO1_JUP","ANO1","JUP"
"GP1BA_JUP","GP1BA","JUP"
"VAV1_JUP","VAV1","JUP"
"TGFBR2_JUP","TGFBR2","JUP"
"COL8A1_JUP","COL8A1","JUP"
"EPCAM_JUP","EPCAM","JUP"
"RELA_RUNX1T1","RELA","RUNX1T1"
"MAPK1_RUNX1T1","MAPK1","RUNX1T1"
"CCNA2_RUNX1T1","CCNA2","RUNX1T1"
"PIK3R1_RUNX1T1","PIK3R1","RUNX1T1"
"MTOR_RUNX1T1","MTOR","RUNX1T1"
"JUP_RUNX1T1","JUP","RUNX1T1"
"CHUK_RUNX1T1","CHUK","RUNX1T1"
"PIK3CB_RUNX1T1","PIK3CB","RUNX1T1"
"MYC_RUNX1T1","MYC","RUNX1T1"
"FCGR1A_RUNX1T1","FCGR1A","RUNX1T1"
"FLT3_RUNX1T1","FLT3","RUNX1T1"
"ITGAM_RUNX1T1","ITGAM","RUNX1T1"
"TCF7L2_RUNX1T1","TCF7L2","RUNX1T1"
"LEF1_RUNX1T1","LEF1","RUNX1T1"
"CD14_RUNX1T1","CD14","RUNX1T1"
"CCNA1_RUNX1T1","CCNA1","RUNX1T1"
"RPS6KB2_RUNX1T1","RPS6KB2","RUNX1T1"
"ZBTB16_RUNX1T1","ZBTB16","RUNX1T1"
"MAP2K2_RUNX1T1","MAP2K2","RUNX1T1"
"SPI1_RUNX1T1","SPI1","RUNX1T1"
"P3R3URF.PIK3R3_RUNX1T1","P3R3URF.PIK3R3","RUNX1T1"
"SOS2_RUNX1T1","SOS2","RUNX1T1"
"CEBPE_RUNX1T1","CEBPE","RUNX1T1"
"BRAF_RUNX1T1","BRAF","RUNX1T1"
"CCND1_RUNX1T1","CCND1","RUNX1T1"
"PIK3CD_RUNX1T1","PIK3CD","RUNX1T1"
"PPARD_RUNX1T1","PPARD","RUNX1T1"
"NFKB1_RUNX1T1","NFKB1","RUNX1T1"
"MPO_RUNX1T1","MPO","RUNX1T1"
"STAT5B_RUNX1T1","STAT5B","RUNX1T1"
"EIF4EBP1_RUNX1T1","EIF4EBP1","RUNX1T1"
"GRB2_RUNX1T1","GRB2","RUNX1T1"
"IKBKB_RUNX1T1","IKBKB","RUNX1T1"
"IKBKG_RUNX1T1","IKBKG","RUNX1T1"
"AKT2_RUNX1T1","AKT2","RUNX1T1"
"STAT5A_RUNX1T1","STAT5A","RUNX1T1"
"DCBLD2_RUNX1T1","DCBLD2","RUNX1T1"
"IFITM3_RUNX1T1","IFITM3","RUNX1T1"
"ANXA2_RUNX1T1","ANXA2","RUNX1T1"
"BAK1_RUNX1T1","BAK1","RUNX1T1"
"MYH14_RUNX1T1","MYH14","RUNX1T1"
"ANO1_RUNX1T1","ANO1","RUNX1T1"
"GP1BA_RUNX1T1","GP1BA","RUNX1T1"
"TMEM98_RUNX1T1","TMEM98","RUNX1T1"
"TMC6_RUNX1T1","TMC6","RUNX1T1"
"VAV1_RUNX1T1","VAV1","RUNX1T1"
"COL8A1_RUNX1T1","COL8A1","RUNX1T1"
"EPCAM_RUNX1T1","EPCAM","RUNX1T1"
"RELA_PIK3R2","RELA","PIK3R2"
"MAPK1_PIK3R2","MAPK1","PIK3R2"
"MAP2K1_PIK3R2","MAP2K1","PIK3R2"
"PIK3R1_PIK3R2","PIK3R1","PIK3R2"
"MTOR_PIK3R2","MTOR","PIK3R2"
"PIK3R3_PIK3R2","PIK3R3","PIK3R2"
"JUP_PIK3R2","JUP","PIK3R2"
"RUNX1T1_PIK3R2","RUNX1T1","PIK3R2"
"CHUK_PIK3R2","CHUK","PIK3R2"
"FCGR1A_PIK3R2","FCGR1A","PIK3R2"
"FLT3_PIK3R2","FLT3","PIK3R2"
"ITGAM_PIK3R2","ITGAM","PIK3R2"
"TCF7L2_PIK3R2","TCF7L2","PIK3R2"
"AKT3_PIK3R2","AKT3","PIK3R2"
"CD14_PIK3R2","CD14","PIK3R2"
"CSF1R_PIK3R2","CSF1R","PIK3R2"
"CCNA1_PIK3R2","CCNA1","PIK3R2"
"KIT_PIK3R2","KIT","PIK3R2"
"DUSP6_PIK3R2","DUSP6","PIK3R2"
"RPS6KB2_PIK3R2","RPS6KB2","PIK3R2"
"ZBTB16_PIK3R2","ZBTB16","PIK3R2"
"MAP2K2_PIK3R2","MAP2K2","PIK3R2"
"SPI1_PIK3R2","SPI1","PIK3R2"
"P3R3URF.PIK3R3_PIK3R2","P3R3URF.PIK3R3","PIK3R2"
"SOS2_PIK3R2","SOS2","PIK3R2"
"CEBPE_PIK3R2","CEBPE","PIK3R2"
"BRAF_PIK3R2","BRAF","PIK3R2"
"CCND1_PIK3R2","CCND1","PIK3R2"
"PIK3CA_PIK3R2","PIK3CA","PIK3R2"
"PIK3CD_PIK3R2","PIK3CD","PIK3R2"
"PPARD_PIK3R2","PPARD","PIK3R2"
"RARA_PIK3R2","RARA","PIK3R2"
"PIM2_PIK3R2","PIM2","PIK3R2"
"NFKB1_PIK3R2","NFKB1","PIK3R2"
"MPO_PIK3R2","MPO","PIK3R2"
"STAT5B_PIK3R2","STAT5B","PIK3R2"
"EIF4EBP1_PIK3R2","EIF4EBP1","PIK3R2"
"GRB2_PIK3R2","GRB2","PIK3R2"
"IKBKB_PIK3R2","IKBKB","PIK3R2"
"IKBKG_PIK3R2","IKBKG","PIK3R2"
"AKT2_PIK3R2","AKT2","PIK3R2"
"STAT5A_PIK3R2","STAT5A","PIK3R2"
"DCBLD2_PIK3R2","DCBLD2","PIK3R2"
"IFITM3_PIK3R2","IFITM3","PIK3R2"
"ANXA2_PIK3R2","ANXA2","PIK3R2"
"F2RL1_PIK3R2","F2RL1","PIK3R2"
"BAK1_PIK3R2","BAK1","PIK3R2"
"COL4A1_PIK3R2","COL4A1","PIK3R2"
"ANO1_PIK3R2","ANO1","PIK3R2"
"GP1BA_PIK3R2","GP1BA","PIK3R2"
"TMEM98_PIK3R2","TMEM98","PIK3R2"
"VAV1_PIK3R2","VAV1","PIK3R2"
"TGFBR2_PIK3R2","TGFBR2","PIK3R2"
"COL8A1_PIK3R2","COL8A1","PIK3R2"
"RELA_CHUK","RELA","CHUK"
"CCNA2_CHUK","CCNA2","CHUK"
"MAP2K1_CHUK","MAP2K1","CHUK"
"PIK3R1_CHUK","PIK3R1","CHUK"
"MTOR_CHUK","MTOR","CHUK"
"PIK3R3_CHUK","PIK3R3","CHUK"
"RUNX1T1_CHUK","RUNX1T1","CHUK"
"PIK3CB_CHUK","PIK3CB","CHUK"
"MYC_CHUK","MYC","CHUK"
"FLT3_CHUK","FLT3","CHUK"
"ITGAM_CHUK","ITGAM","CHUK"
"TCF7L2_CHUK","TCF7L2","CHUK"
"AKT3_CHUK","AKT3","CHUK"
"CD14_CHUK","CD14","CHUK"
"CCNA1_CHUK","CCNA1","CHUK"
"KIT_CHUK","KIT","CHUK"
"DUSP6_CHUK","DUSP6","CHUK"
"RPS6KB2_CHUK","RPS6KB2","CHUK"
"ZBTB16_CHUK","ZBTB16","CHUK"
"MAP2K2_CHUK","MAP2K2","CHUK"
"SPI1_CHUK","SPI1","CHUK"
"P3R3URF.PIK3R3_CHUK","P3R3URF.PIK3R3","CHUK"
"CEBPE_CHUK","CEBPE","CHUK"
"BRAF_CHUK","BRAF","CHUK"
"CCND1_CHUK","CCND1","CHUK"
"RARA_CHUK","RARA","CHUK"
"PIM2_CHUK","PIM2","CHUK"
"NFKB1_CHUK","NFKB1","CHUK"
"PIM1_CHUK","PIM1","CHUK"
"MPO_CHUK","MPO","CHUK"
"EIF4EBP1_CHUK","EIF4EBP1","CHUK"
"GRB2_CHUK","GRB2","CHUK"
"IKBKB_CHUK","IKBKB","CHUK"
"IKBKG_CHUK","IKBKG","CHUK"
"AKT2_CHUK","AKT2","CHUK"
"HTRA1_CHUK","HTRA1","CHUK"
"ANXA2_CHUK","ANXA2","CHUK"
"F2RL1_CHUK","F2RL1","CHUK"
"BAK1_CHUK","BAK1","CHUK"
"MYH14_CHUK","MYH14","CHUK"
"COL4A1_CHUK","COL4A1","CHUK"
"TMEM98_CHUK","TMEM98","CHUK"
"TMC6_CHUK","TMC6","CHUK"
"TGFBR2_CHUK","TGFBR2","CHUK"
"PIK3R1_PIK3CB","PIK3R1","PIK3CB"
"MTOR_PIK3CB","MTOR","PIK3CB"
"PIK3R3_PIK3CB","PIK3R3","PIK3CB"
"RUNX1T1_PIK3CB","RUNX1T1","PIK3CB"
"ITGAM_PIK3CB","ITGAM","PIK3CB"
"ZBTB16_PIK3CB","ZBTB16","PIK3CB"
"MAP2K2_PIK3CB","MAP2K2","PIK3CB"
"PIK3CD_PIK3CB","PIK3CD","PIK3CB"
"PIM1_PIK3CB","PIM1","PIK3CB"
"MPO_PIK3CB","MPO","PIK3CB"
"EIF4EBP1_PIK3CB","EIF4EBP1","PIK3CB"
"IKBKB_PIK3CB","IKBKB","PIK3CB"
"F2RL1_PIK3CB","F2RL1","PIK3CB"
"TMEM98_PIK3CB","TMEM98","PIK3CB"
"COL8A1_PIK3CB","COL8A1","PIK3CB"
"EPCAM_PIK3CB","EPCAM","PIK3CB"
"RELA_MYC","RELA","MYC"
"MAPK1_MYC","MAPK1","MYC"
"CCNA2_MYC","CCNA2","MYC"
"MAP2K1_MYC","MAP2K1","MYC"
"PIK3R1_MYC","PIK3R1","MYC"
"PIK3R3_MYC","PIK3R3","MYC"
"JUP_MYC","JUP","MYC"
"RUNX1T1_MYC","RUNX1T1","MYC"
"PIK3R2_MYC","PIK3R2","MYC"
"CHUK_MYC","CHUK","MYC"
"PIK3CB_MYC","PIK3CB","MYC"
"FLT3_MYC","FLT3","MYC"
"ITGAM_MYC","ITGAM","MYC"
"AKT3_MYC","AKT3","MYC"
"LEF1_MYC","LEF1","MYC"
"CD14_MYC","CD14","MYC"
"CCNA1_MYC","CCNA1","MYC"
"KIT_MYC","KIT","MYC"
"DUSP6_MYC","DUSP6","MYC"
"RPS6KB2_MYC","RPS6KB2","MYC"
"SPI1_MYC","SPI1","MYC"
"CEBPE_MYC","CEBPE","MYC"
"BRAF_MYC","BRAF","MYC"
"CCND1_MYC","CCND1","MYC"
"PIK3CA_MYC","PIK3CA","MYC"
"PIK3CD_MYC","PIK3CD","MYC"
"PPARD_MYC","PPARD","MYC"
"RARA_MYC","RARA","MYC"
"PIM2_MYC","PIM2","MYC"
"NFKB1_MYC","NFKB1","MYC"
"PIM1_MYC","PIM1","MYC"
"MPO_MYC","MPO","MYC"
"STAT5B_MYC","STAT5B","MYC"
"EIF4EBP1_MYC","EIF4EBP1","MYC"
"GRB2_MYC","GRB2","MYC"
"IKBKB_MYC","IKBKB","MYC"
"STAT5A_MYC","STAT5A","MYC"
"HTRA1_MYC","HTRA1","MYC"
"DCBLD2_MYC","DCBLD2","MYC"
"IFITM3_MYC","IFITM3","MYC"
"BAK1_MYC","BAK1","MYC"
"MYH14_MYC","MYH14","MYC"
"ANO1_MYC","ANO1","MYC"
"GP1BA_MYC","GP1BA","MYC"
"TMEM98_MYC","TMEM98","MYC"
"TMC6_MYC","TMC6","MYC"
"EPCAM_MYC","EPCAM","MYC"
"RELA_FCGR1A","RELA","FCGR1A"
"MAPK1_FCGR1A","MAPK1","FCGR1A"
"CCNA2_FCGR1A","CCNA2","FCGR1A"
"MAP2K1_FCGR1A","MAP2K1","FCGR1A"
"PIK3R1_FCGR1A","PIK3R1","FCGR1A"
"MTOR_FCGR1A","MTOR","FCGR1A"
"RUNX1T1_FCGR1A","RUNX1T1","FCGR1A"
"PIK3R2_FCGR1A","PIK3R2","FCGR1A"
"CHUK_FCGR1A","CHUK","FCGR1A"
"MYC_FCGR1A","MYC","FCGR1A"
"FLT3_FCGR1A","FLT3","FCGR1A"
"ITGAM_FCGR1A","ITGAM","FCGR1A"
"AKT3_FCGR1A","AKT3","FCGR1A"
"LEF1_FCGR1A","LEF1","FCGR1A"
"CD14_FCGR1A","CD14","FCGR1A"
"CCNA1_FCGR1A","CCNA1","FCGR1A"
"KIT_FCGR1A","KIT","FCGR1A"
"DUSP6_FCGR1A","DUSP6","FCGR1A"
"ZBTB16_FCGR1A","ZBTB16","FCGR1A"
"MAP2K2_FCGR1A","MAP2K2","FCGR1A"
"SPI1_FCGR1A","SPI1","FCGR1A"
"P3R3URF.PIK3R3_FCGR1A","P3R3URF.PIK3R3","FCGR1A"
"SOS2_FCGR1A","SOS2","FCGR1A"
"BRAF_FCGR1A","BRAF","FCGR1A"
"PIK3CA_FCGR1A","PIK3CA","FCGR1A"
"PIK3CD_FCGR1A","PIK3CD","FCGR1A"
"PPARD_FCGR1A","PPARD","FCGR1A"
"RARA_FCGR1A","RARA","FCGR1A"
"PIM1_FCGR1A","PIM1","FCGR1A"
"MPO_FCGR1A","MPO","FCGR1A"
"STAT5B_FCGR1A","STAT5B","FCGR1A"
"IKBKB_FCGR1A","IKBKB","FCGR1A"
"IKBKG_FCGR1A","IKBKG","FCGR1A"
"AKT2_FCGR1A","AKT2","FCGR1A"
"HTRA1_FCGR1A","HTRA1","FCGR1A"
"DCBLD2_FCGR1A","DCBLD2","FCGR1A"
"ANXA2_FCGR1A","ANXA2","FCGR1A"
"F2RL1_FCGR1A","F2RL1","FCGR1A"
"BAK1_FCGR1A","BAK1","FCGR1A"
"MYH14_FCGR1A","MYH14","FCGR1A"
"COL4A1_FCGR1A","COL4A1","FCGR1A"
"ANO1_FCGR1A","ANO1","FCGR1A"
"TMEM98_FCGR1A","TMEM98","FCGR1A"
"TMC6_FCGR1A","TMC6","FCGR1A"
"TGFBR2_FCGR1A","TGFBR2","FCGR1A"
"COL8A1_FCGR1A","COL8A1","FCGR1A"
"EPCAM_FCGR1A","EPCAM","FCGR1A"
"RELA_FLT3","RELA","FLT3"
"MAPK1_FLT3","MAPK1","FLT3"
"MAP2K1_FLT3","MAP2K1","FLT3"
"PIK3R1_FLT3","PIK3R1","FLT3"
"MTOR_FLT3","MTOR","FLT3"
"PIK3R3_FLT3","PIK3R3","FLT3"
"JUP_FLT3","JUP","FLT3"
"RUNX1T1_FLT3","RUNX1T1","FLT3"
"FCGR1A_FLT3","FCGR1A","FLT3"
"AKT3_FLT3","AKT3","FLT3"
"LEF1_FLT3","LEF1","FLT3"
"CD14_FLT3","CD14","FLT3"
"CSF1R_FLT3","CSF1R","FLT3"
"CCNA1_FLT3","CCNA1","FLT3"
"RPS6KB2_FLT3","RPS6KB2","FLT3"
"ZBTB16_FLT3","ZBTB16","FLT3"
"MAP2K2_FLT3","MAP2K2","FLT3"
"SPI1_FLT3","SPI1","FLT3"
"P3R3URF.PIK3R3_FLT3","P3R3URF.PIK3R3","FLT3"
"SOS2_FLT3","SOS2","FLT3"
"CEBPE_FLT3","CEBPE","FLT3"
"BRAF_FLT3","BRAF","FLT3"
"CCND1_FLT3","CCND1","FLT3"
"PIK3CA_FLT3","PIK3CA","FLT3"
"PPARD_FLT3","PPARD","FLT3"
"RARA_FLT3","RARA","FLT3"
"PIM2_FLT3","PIM2","FLT3"
"MPO_FLT3","MPO","FLT3"
"STAT5B_FLT3","STAT5B","FLT3"
"EIF4EBP1_FLT3","EIF4EBP1","FLT3"
"GRB2_FLT3","GRB2","FLT3"
"IKBKG_FLT3","IKBKG","FLT3"
"AKT2_FLT3","AKT2","FLT3"
"STAT5A_FLT3","STAT5A","FLT3"
"HTRA1_FLT3","HTRA1","FLT3"
"DCBLD2_FLT3","DCBLD2","FLT3"
"ANXA2_FLT3","ANXA2","FLT3"
"ANO1_FLT3","ANO1","FLT3"
"GP1BA_FLT3","GP1BA","FLT3"
"TMEM98_FLT3","TMEM98","FLT3"
"VAV1_FLT3","VAV1","FLT3"
"TGFBR2_FLT3","TGFBR2","FLT3"
"COL8A1_FLT3","COL8A1","FLT3"
"EPCAM_FLT3","EPCAM","FLT3"
"MAPK1_ITGAM","MAPK1","ITGAM"
"CCNA2_ITGAM","CCNA2","ITGAM"
"PIK3R1_ITGAM","PIK3R1","ITGAM"
"MTOR_ITGAM","MTOR","ITGAM"
"PIK3R3_ITGAM","PIK3R3","ITGAM"
"PIK3R2_ITGAM","PIK3R2","ITGAM"
"PIK3CB_ITGAM","PIK3CB","ITGAM"
"MYC_ITGAM","MYC","ITGAM"
"FCGR1A_ITGAM","FCGR1A","ITGAM"
"FLT3_ITGAM","FLT3","ITGAM"
"LEF1_ITGAM","LEF1","ITGAM"
"CSF1R_ITGAM","CSF1R","ITGAM"
"CCNA1_ITGAM","CCNA1","ITGAM"
"KIT_ITGAM","KIT","ITGAM"
"DUSP6_ITGAM","DUSP6","ITGAM"
"RPS6KB2_ITGAM","RPS6KB2","ITGAM"
"ZBTB16_ITGAM","ZBTB16","ITGAM"
"MAP2K2_ITGAM","MAP2K2","ITGAM"
"SPI1_ITGAM","SPI1","ITGAM"
"P3R3URF.PIK3R3_ITGAM","P3R3URF.PIK3R3","ITGAM"
"SOS2_ITGAM","SOS2","ITGAM"
"CEBPE_ITGAM","CEBPE","ITGAM"
"BRAF_ITGAM","BRAF","ITGAM"
"CCND1_ITGAM","CCND1","ITGAM"
"PIK3CD_ITGAM","PIK3CD","ITGAM"
"PPARD_ITGAM","PPARD","ITGAM"
"RARA_ITGAM","RARA","ITGAM"
"PIM2_ITGAM","PIM2","ITGAM"
"NFKB1_ITGAM","NFKB1","ITGAM"
"PIM1_ITGAM","PIM1","ITGAM"
"MPO_ITGAM","MPO","ITGAM"
"STAT5B_ITGAM","STAT5B","ITGAM"
"GRB2_ITGAM","GRB2","ITGAM"
"IKBKB_ITGAM","IKBKB","ITGAM"
"IKBKG_ITGAM","IKBKG","ITGAM"
"AKT2_ITGAM","AKT2","ITGAM"
"STAT5A_ITGAM","STAT5A","ITGAM"
"DCBLD2_ITGAM","DCBLD2","ITGAM"
"IFITM3_ITGAM","IFITM3","ITGAM"
"F2RL1_ITGAM","F2RL1","ITGAM"
"BAK1_ITGAM","BAK1","ITGAM"
"MYH14_ITGAM","MYH14","ITGAM"
"COL4A1_ITGAM","COL4A1","ITGAM"
"ANO1_ITGAM","ANO1","ITGAM"
"TMEM98_ITGAM","TMEM98","ITGAM"
"TMC6_ITGAM","TMC6","ITGAM"
"VAV1_ITGAM","VAV1","ITGAM"
"TGFBR2_ITGAM","TGFBR2","ITGAM"
"EPCAM_ITGAM","EPCAM","ITGAM"
"RELA_TCF7L2","RELA","TCF7L2"
"PIK3R1_TCF7L2","PIK3R1","TCF7L2"
"MTOR_TCF7L2","MTOR","TCF7L2"
"JUP_TCF7L2","JUP","TCF7L2"
"CHUK_TCF7L2","CHUK","TCF7L2"
"PIK3CB_TCF7L2","PIK3CB","TCF7L2"
"MYC_TCF7L2","MYC","TCF7L2"
"FCGR1A_TCF7L2","FCGR1A","TCF7L2"
"AKT3_TCF7L2","AKT3","TCF7L2"
"LEF1_TCF7L2","LEF1","TCF7L2"
"CD14_TCF7L2","CD14","TCF7L2"
"CSF1R_TCF7L2","CSF1R","TCF7L2"
"CCNA1_TCF7L2","CCNA1","TCF7L2"
"ZBTB16_TCF7L2","ZBTB16","TCF7L2"
"MAP2K2_TCF7L2","MAP2K2","TCF7L2"
"P3R3URF.PIK3R3_TCF7L2","P3R3URF.PIK3R3","TCF7L2"
"SOS2_TCF7L2","SOS2","TCF7L2"
"PIK3CA_TCF7L2","PIK3CA","TCF7L2"
"PIK3CD_TCF7L2","PIK3CD","TCF7L2"
"PPARD_TCF7L2","PPARD","TCF7L2"
"PIM2_TCF7L2","PIM2","TCF7L2"
"NFKB1_TCF7L2","NFKB1","TCF7L2"
"PIM1_TCF7L2","PIM1","TCF7L2"
"STAT5B_TCF7L2","STAT5B","TCF7L2"
"GRB2_TCF7L2","GRB2","TCF7L2"
"STAT5A_TCF7L2","STAT5A","TCF7L2"
"HTRA1_TCF7L2","HTRA1","TCF7L2"
"IFITM3_TCF7L2","IFITM3","TCF7L2"
"ANXA2_TCF7L2","ANXA2","TCF7L2"
"MYH14_TCF7L2","MYH14","TCF7L2"
"TMEM98_TCF7L2","TMEM98","TCF7L2"
"TMC6_TCF7L2","TMC6","TCF7L2"
"VAV1_TCF7L2","VAV1","TCF7L2"
"TGFBR2_TCF7L2","TGFBR2","TCF7L2"
"RELA_AKT3","RELA","AKT3"
"MAPK1_AKT3","MAPK1","AKT3"
"MAP2K1_AKT3","MAP2K1","AKT3"
"PIK3R1_AKT3","PIK3R1","AKT3"
"MTOR_AKT3","MTOR","AKT3"
"PIK3R3_AKT3","PIK3R3","AKT3"
"JUP_AKT3","JUP","AKT3"
"RUNX1T1_AKT3","RUNX1T1","AKT3"
"PIK3R2_AKT3","PIK3R2","AKT3"
"CHUK_AKT3","CHUK","AKT3"
"MYC_AKT3","MYC","AKT3"
"FCGR1A_AKT3","FCGR1A","AKT3"
"FLT3_AKT3","FLT3","AKT3"
"ITGAM_AKT3","ITGAM","AKT3"
"TCF7L2_AKT3","TCF7L2","AKT3"
"LEF1_AKT3","LEF1","AKT3"
"CD14_AKT3","CD14","AKT3"
"CSF1R_AKT3","CSF1R","AKT3"
"CCNA1_AKT3","CCNA1","AKT3"
"KIT_AKT3","KIT","AKT3"
"DUSP6_AKT3","DUSP6","AKT3"
"RPS6KB2_AKT3","RPS6KB2","AKT3"
"ZBTB16_AKT3","ZBTB16","AKT3"
"MAP2K2_AKT3","MAP2K2","AKT3"
"SPI1_AKT3","SPI1","AKT3"
"P3R3URF.PIK3R3_AKT3","P3R3URF.PIK3R3","AKT3"
"SOS2_AKT3","SOS2","AKT3"
"CEBPE_AKT3","CEBPE","AKT3"
"BRAF_AKT3","BRAF","AKT3"
"CCND1_AKT3","CCND1","AKT3"
"PIK3CA_AKT3","PIK3CA","AKT3"
"RARA_AKT3","RARA","AKT3"
"PIM2_AKT3","PIM2","AKT3"
"NFKB1_AKT3","NFKB1","AKT3"
"PIM1_AKT3","PIM1","AKT3"
"MPO_AKT3","MPO","AKT3"
"STAT5B_AKT3","STAT5B","AKT3"
"EIF4EBP1_AKT3","EIF4EBP1","AKT3"
"GRB2_AKT3","GRB2","AKT3"
"IKBKB_AKT3","IKBKB","AKT3"
"IKBKG_AKT3","IKBKG","AKT3"
"AKT2_AKT3","AKT2","AKT3"
"STAT5A_AKT3","STAT5A","AKT3"
"DCBLD2_AKT3","DCBLD2","AKT3"
"ANXA2_AKT3","ANXA2","AKT3"
"F2RL1_AKT3","F2RL1","AKT3"
"MYH14_AKT3","MYH14","AKT3"
"COL4A1_AKT3","COL4A1","AKT3"
"ANO1_AKT3","ANO1","AKT3"
"TMEM98_AKT3","TMEM98","AKT3"
"VAV1_AKT3","VAV1","AKT3"
"TGFBR2_AKT3","TGFBR2","AKT3"
"COL8A1_AKT3","COL8A1","AKT3"
"MAPK1_LEF1","MAPK1","LEF1"
"CCNA2_LEF1","CCNA2","LEF1"
"PIK3R1_LEF1","PIK3R1","LEF1"
"MTOR_LEF1","MTOR","LEF1"
"PIK3R3_LEF1","PIK3R3","LEF1"
"JUP_LEF1","JUP","LEF1"
"RUNX1T1_LEF1","RUNX1T1","LEF1"
"PIK3R2_LEF1","PIK3R2","LEF1"
"CHUK_LEF1","CHUK","LEF1"
"PIK3CB_LEF1","PIK3CB","LEF1"
"MYC_LEF1","MYC","LEF1"
"FCGR1A_LEF1","FCGR1A","LEF1"
"FLT3_LEF1","FLT3","LEF1"
"ITGAM_LEF1","ITGAM","LEF1"
"TCF7L2_LEF1","TCF7L2","LEF1"
"CD14_LEF1","CD14","LEF1"
"CSF1R_LEF1","CSF1R","LEF1"
"CCNA1_LEF1","CCNA1","LEF1"
"KIT_LEF1","KIT","LEF1"
"DUSP6_LEF1","DUSP6","LEF1"
"RPS6KB2_LEF1","RPS6KB2","LEF1"
"ZBTB16_LEF1","ZBTB16","LEF1"
"SOS2_LEF1","SOS2","LEF1"
"CEBPE_LEF1","CEBPE","LEF1"
"BRAF_LEF1","BRAF","LEF1"
"CCND1_LEF1","CCND1","LEF1"
"PIK3CA_LEF1","PIK3CA","LEF1"
"PIK3CD_LEF1","PIK3CD","LEF1"
"PPARD_LEF1","PPARD","LEF1"
"PIM2_LEF1","PIM2","LEF1"
"NFKB1_LEF1","NFKB1","LEF1"
"PIM1_LEF1","PIM1","LEF1"
"MPO_LEF1","MPO","LEF1"
"GRB2_LEF1","GRB2","LEF1"
"AKT2_LEF1","AKT2","LEF1"
"STAT5A_LEF1","STAT5A","LEF1"
"HTRA1_LEF1","HTRA1","LEF1"
"DCBLD2_LEF1","DCBLD2","LEF1"
"F2RL1_LEF1","F2RL1","LEF1"
"BAK1_LEF1","BAK1","LEF1"
"MYH14_LEF1","MYH14","LEF1"
"COL4A1_LEF1","COL4A1","LEF1"
"ANO1_LEF1","ANO1","LEF1"
"TMEM98_LEF1","TMEM98","LEF1"
"TMC6_LEF1","TMC6","LEF1"
"VAV1_LEF1","VAV1","LEF1"
"TGFBR2_LEF1","TGFBR2","LEF1"
"COL8A1_LEF1","COL8A1","LEF1"
"RELA_CD14","RELA","CD14"
"MAP2K1_CD14","MAP2K1","CD14"
"PIK3R1_CD14","PIK3R1","CD14"
"MTOR_CD14","MTOR","CD14"
"PIK3R3_CD14","PIK3R3","CD14"
"JUP_CD14","JUP","CD14"
"PIK3R2_CD14","PIK3R2","CD14"
"PIK3CB_CD14","PIK3CB","CD14"
"MYC_CD14","MYC","CD14"
"FCGR1A_CD14","FCGR1A","CD14"
"FLT3_CD14","FLT3","CD14"
"ITGAM_CD14","ITGAM","CD14"
"TCF7L2_CD14","TCF7L2","CD14"
"AKT3_CD14","AKT3","CD14"
"LEF1_CD14","LEF1","CD14"
"CCNA1_CD14","CCNA1","CD14"
"KIT_CD14","KIT","CD14"
"DUSP6_CD14","DUSP6","CD14"
"P3R3URF.PIK3R3_CD14","P3R3URF.PIK3R3","CD14"
"SOS2_CD14","SOS2","CD14"
"CEBPE_CD14","CEBPE","CD14"
"BRAF_CD14","BRAF","CD14"
"CCND1_CD14","CCND1","CD14"
"PPARD_CD14","PPARD","CD14"
"RARA_CD14","RARA","CD14"
"PIM2_CD14","PIM2","CD14"
"PIM1_CD14","PIM1","CD14"
"MPO_CD14","MPO","CD14"
"STAT5B_CD14","STAT5B","CD14"
"EIF4EBP1_CD14","EIF4EBP1","CD14"
"GRB2_CD14","GRB2","CD14"
"IKBKB_CD14","IKBKB","CD14"
"IKBKG_CD14","IKBKG","CD14"
"HTRA1_CD14","HTRA1","CD14"
"IFITM3_CD14","IFITM3","CD14"
"F2RL1_CD14","F2RL1","CD14"
"BAK1_CD14","BAK1","CD14"
"MYH14_CD14","MYH14","CD14"
"COL4A1_CD14","COL4A1","CD14"
"TMEM98_CD14","TMEM98","CD14"
"TMC6_CD14","TMC6","CD14"
"VAV1_CD14","VAV1","CD14"
"TGFBR2_CD14","TGFBR2","CD14"
"COL8A1_CD14","COL8A1","CD14"
"EPCAM_CD14","EPCAM","CD14"
"RELA_CSF1R","RELA","CSF1R"
"CCNA2_CSF1R","CCNA2","CSF1R"
"MAP2K1_CSF1R","MAP2K1","CSF1R"
"PIK3R1_CSF1R","PIK3R1","CSF1R"
"MTOR_CSF1R","MTOR","CSF1R"
"PIK3R3_CSF1R","PIK3R3","CSF1R"
"JUP_CSF1R","JUP","CSF1R"
"RUNX1T1_CSF1R","RUNX1T1","CSF1R"
"PIK3R2_CSF1R","PIK3R2","CSF1R"
"MYC_CSF1R","MYC","CSF1R"
"FCGR1A_CSF1R","FCGR1A","CSF1R"
"FLT3_CSF1R","FLT3","CSF1R"
"ITGAM_CSF1R","ITGAM","CSF1R"
"TCF7L2_CSF1R","TCF7L2","CSF1R"
"CD14_CSF1R","CD14","CSF1R"
"CCNA1_CSF1R","CCNA1","CSF1R"
"KIT_CSF1R","KIT","CSF1R"
"DUSP6_CSF1R","DUSP6","CSF1R"
"RPS6KB2_CSF1R","RPS6KB2","CSF1R"
"ZBTB16_CSF1R","ZBTB16","CSF1R"
"MAP2K2_CSF1R","MAP2K2","CSF1R"
"SPI1_CSF1R","SPI1","CSF1R"
"P3R3URF.PIK3R3_CSF1R","P3R3URF.PIK3R3","CSF1R"
"SOS2_CSF1R","SOS2","CSF1R"
"BRAF_CSF1R","BRAF","CSF1R"
"CCND1_CSF1R","CCND1","CSF1R"
"PIK3CA_CSF1R","PIK3CA","CSF1R"
"PIK3CD_CSF1R","PIK3CD","CSF1R"
"PPARD_CSF1R","PPARD","CSF1R"
"PIM2_CSF1R","PIM2","CSF1R"
"NFKB1_CSF1R","NFKB1","CSF1R"
"PIM1_CSF1R","PIM1","CSF1R"
"MPO_CSF1R","MPO","CSF1R"
"STAT5B_CSF1R","STAT5B","CSF1R"
"EIF4EBP1_CSF1R","EIF4EBP1","CSF1R"
"GRB2_CSF1R","GRB2","CSF1R"
"IKBKB_CSF1R","IKBKB","CSF1R"
"IKBKG_CSF1R","IKBKG","CSF1R"
"AKT2_CSF1R","AKT2","CSF1R"
"DCBLD2_CSF1R","DCBLD2","CSF1R"
"IFITM3_CSF1R","IFITM3","CSF1R"
"ANXA2_CSF1R","ANXA2","CSF1R"
"F2RL1_CSF1R","F2RL1","CSF1R"
"BAK1_CSF1R","BAK1","CSF1R"
"MYH14_CSF1R","MYH14","CSF1R"
"ANO1_CSF1R","ANO1","CSF1R"
"GP1BA_CSF1R","GP1BA","CSF1R"
"TMEM98_CSF1R","TMEM98","CSF1R"
"TMC6_CSF1R","TMC6","CSF1R"
"VAV1_CSF1R","VAV1","CSF1R"
"TGFBR2_CSF1R","TGFBR2","CSF1R"
"COL8A1_CSF1R","COL8A1","CSF1R"
"EPCAM_CSF1R","EPCAM","CSF1R"
"RELA_CCNA1","RELA","CCNA1"
"MAPK1_CCNA1","MAPK1","CCNA1"
"CCNA2_CCNA1","CCNA2","CCNA1"
"PIK3R1_CCNA1","PIK3R1","CCNA1"
"MTOR_CCNA1","MTOR","CCNA1"
"PIK3R3_CCNA1","PIK3R3","CCNA1"
"RUNX1T1_CCNA1","RUNX1T1","CCNA1"
"PIK3R2_CCNA1","PIK3R2","CCNA1"
"MYC_CCNA1","MYC","CCNA1"
"ITGAM_CCNA1","ITGAM","CCNA1"
"TCF7L2_CCNA1","TCF7L2","CCNA1"
"AKT3_CCNA1","AKT3","CCNA1"
"LEF1_CCNA1","LEF1","CCNA1"
"CD14_CCNA1","CD14","CCNA1"
"KIT_CCNA1","KIT","CCNA1"
"RPS6KB2_CCNA1","RPS6KB2","CCNA1"
"ZBTB16_CCNA1","ZBTB16","CCNA1"
"P3R3URF.PIK3R3_CCNA1","P3R3URF.PIK3R3","CCNA1"
"CEBPE_CCNA1","CEBPE","CCNA1"
"BRAF_CCNA1","BRAF","CCNA1"
"CCND1_CCNA1","CCND1","CCNA1"
"PIK3CA_CCNA1","PIK3CA","CCNA1"
"PIK3CD_CCNA1","PIK3CD","CCNA1"
"PPARD_CCNA1","PPARD","CCNA1"
"RARA_CCNA1","RARA","CCNA1"
"PIM2_CCNA1","PIM2","CCNA1"
"NFKB1_CCNA1","NFKB1","CCNA1"
"PIM1_CCNA1","PIM1","CCNA1"
"STAT5B_CCNA1","STAT5B","CCNA1"
"EIF4EBP1_CCNA1","EIF4EBP1","CCNA1"
"GRB2_CCNA1","GRB2","CCNA1"
"IKBKG_CCNA1","IKBKG","CCNA1"
"AKT2_CCNA1","AKT2","CCNA1"
"STAT5A_CCNA1","STAT5A","CCNA1"
"HTRA1_CCNA1","HTRA1","CCNA1"
"DCBLD2_CCNA1","DCBLD2","CCNA1"
"IFITM3_CCNA1","IFITM3","CCNA1"
"ANXA2_CCNA1","ANXA2","CCNA1"
"F2RL1_CCNA1","F2RL1","CCNA1"
"BAK1_CCNA1","BAK1","CCNA1"
"MYH14_CCNA1","MYH14","CCNA1"
"COL4A1_CCNA1","COL4A1","CCNA1"
"ANO1_CCNA1","ANO1","CCNA1"
"GP1BA_CCNA1","GP1BA","CCNA1"
"TMEM98_CCNA1","TMEM98","CCNA1"
"TMC6_CCNA1","TMC6","CCNA1"
"VAV1_CCNA1","VAV1","CCNA1"
"TGFBR2_CCNA1","TGFBR2","CCNA1"
"COL8A1_CCNA1","COL8A1","CCNA1"
"EPCAM_CCNA1","EPCAM","CCNA1"
"RELA_KIT","RELA","KIT"
"MAPK1_KIT","MAPK1","KIT"
"CCNA2_KIT","CCNA2","KIT"
"MAP2K1_KIT","MAP2K1","KIT"
"PIK3R1_KIT","PIK3R1","KIT"
"MTOR_KIT","MTOR","KIT"
"PIK3R3_KIT","PIK3R3","KIT"
"RUNX1T1_KIT","RUNX1T1","KIT"
"PIK3R2_KIT","PIK3R2","KIT"
"CHUK_KIT","CHUK","KIT"
"PIK3CB_KIT","PIK3CB","KIT"
"MYC_KIT","MYC","KIT"
"FCGR1A_KIT","FCGR1A","KIT"
"FLT3_KIT","FLT3","KIT"
"ITGAM_KIT","ITGAM","KIT"
"TCF7L2_KIT","TCF7L2","KIT"
"LEF1_KIT","LEF1","KIT"
"CD14_KIT","CD14","KIT"
"CSF1R_KIT","CSF1R","KIT"
"CCNA1_KIT","CCNA1","KIT"
"DUSP6_KIT","DUSP6","KIT"
"RPS6KB2_KIT","RPS6KB2","KIT"
"MAP2K2_KIT","MAP2K2","KIT"
"SPI1_KIT","SPI1","KIT"
"P3R3URF.PIK3R3_KIT","P3R3URF.PIK3R3","KIT"
"SOS2_KIT","SOS2","KIT"
"CEBPE_KIT","CEBPE","KIT"
"BRAF_KIT","BRAF","KIT"
"CCND1_KIT","CCND1","KIT"
"PIK3CA_KIT","PIK3CA","KIT"
"PIK3CD_KIT","PIK3CD","KIT"
"PPARD_KIT","PPARD","KIT"
"RARA_KIT","RARA","KIT"
"PIM2_KIT","PIM2","KIT"
"NFKB1_KIT","NFKB1","KIT"
"PIM1_KIT","PIM1","KIT"
"STAT5B_KIT","STAT5B","KIT"
"IKBKB_KIT","IKBKB","KIT"
"IKBKG_KIT","IKBKG","KIT"
"AKT2_KIT","AKT2","KIT"
"STAT5A_KIT","STAT5A","KIT"
"HTRA1_KIT","HTRA1","KIT"
"DCBLD2_KIT","DCBLD2","KIT"
"IFITM3_KIT","IFITM3","KIT"
"ANXA2_KIT","ANXA2","KIT"
"F2RL1_KIT","F2RL1","KIT"
"BAK1_KIT","BAK1","KIT"
"MYH14_KIT","MYH14","KIT"
"COL4A1_KIT","COL4A1","KIT"
"ANO1_KIT","ANO1","KIT"
"GP1BA_KIT","GP1BA","KIT"
"TMEM98_KIT","TMEM98","KIT"
"VAV1_KIT","VAV1","KIT"
"TGFBR2_KIT","TGFBR2","KIT"
"COL8A1_KIT","COL8A1","KIT"
"EPCAM_KIT","EPCAM","KIT"
"RELA_DUSP6","RELA","DUSP6"
"MAPK1_DUSP6","MAPK1","DUSP6"
"CCNA2_DUSP6","CCNA2","DUSP6"
"MAP2K1_DUSP6","MAP2K1","DUSP6"
"PIK3R1_DUSP6","PIK3R1","DUSP6"
"MTOR_DUSP6","MTOR","DUSP6"
"PIK3R3_DUSP6","PIK3R3","DUSP6"
"JUP_DUSP6","JUP","DUSP6"
"RUNX1T1_DUSP6","RUNX1T1","DUSP6"
"PIK3R2_DUSP6","PIK3R2","DUSP6"
"PIK3CB_DUSP6","PIK3CB","DUSP6"
"MYC_DUSP6","MYC","DUSP6"
"FLT3_DUSP6","FLT3","DUSP6"
"ITGAM_DUSP6","ITGAM","DUSP6"
"TCF7L2_DUSP6","TCF7L2","DUSP6"
"AKT3_DUSP6","AKT3","DUSP6"
"LEF1_DUSP6","LEF1","DUSP6"
"CD14_DUSP6","CD14","DUSP6"
"CSF1R_DUSP6","CSF1R","DUSP6"
"CCNA1_DUSP6","CCNA1","DUSP6"
"KIT_DUSP6","KIT","DUSP6"
"RPS6KB2_DUSP6","RPS6KB2","DUSP6"
"ZBTB16_DUSP6","ZBTB16","DUSP6"
"MAP2K2_DUSP6","MAP2K2","DUSP6"
"SPI1_DUSP6","SPI1","DUSP6"
"P3R3URF.PIK3R3_DUSP6","P3R3URF.PIK3R3","DUSP6"
"SOS2_DUSP6","SOS2","DUSP6"
"CEBPE_DUSP6","CEBPE","DUSP6"
"BRAF_DUSP6","BRAF","DUSP6"
"CCND1_DUSP6","CCND1","DUSP6"
"PIK3CA_DUSP6","PIK3CA","DUSP6"
"PIK3CD_DUSP6","PIK3CD","DUSP6"
"PPARD_DUSP6","PPARD","DUSP6"
"RARA_DUSP6","RARA","DUSP6"
"NFKB1_DUSP6","NFKB1","DUSP6"
"PIM1_DUSP6","PIM1","DUSP6"
"EIF4EBP1_DUSP6","EIF4EBP1","DUSP6"
"GRB2_DUSP6","GRB2","DUSP6"
"IKBKB_DUSP6","IKBKB","DUSP6"
"IKBKG_DUSP6","IKBKG","DUSP6"
"AKT2_DUSP6","AKT2","DUSP6"
"HTRA1_DUSP6","HTRA1","DUSP6"
"DCBLD2_DUSP6","DCBLD2","DUSP6"
"IFITM3_DUSP6","IFITM3","DUSP6"
"ANXA2_DUSP6","ANXA2","DUSP6"
"F2RL1_DUSP6","F2RL1","DUSP6"
"BAK1_DUSP6","BAK1","DUSP6"
"MYH14_DUSP6","MYH14","DUSP6"
"COL4A1_DUSP6","COL4A1","DUSP6"
"ANO1_DUSP6","ANO1","DUSP6"
"GP1BA_DUSP6","GP1BA","DUSP6"
"TMEM98_DUSP6","TMEM98","DUSP6"
"TMC6_DUSP6","TMC6","DUSP6"
"VAV1_DUSP6","VAV1","DUSP6"
"TGFBR2_DUSP6","TGFBR2","DUSP6"
"COL8A1_DUSP6","COL8A1","DUSP6"
"EPCAM_DUSP6","EPCAM","DUSP6"
"RELA_RPS6KB2","RELA","RPS6KB2"
"MAP2K1_RPS6KB2","MAP2K1","RPS6KB2"
"PIK3R1_RPS6KB2","PIK3R1","RPS6KB2"
"MTOR_RPS6KB2","MTOR","RPS6KB2"
"PIK3R3_RPS6KB2","PIK3R3","RPS6KB2"
"JUP_RPS6KB2","JUP","RPS6KB2"
"RUNX1T1_RPS6KB2","RUNX1T1","RPS6KB2"
"PIK3R2_RPS6KB2","PIK3R2","RPS6KB2"
"PIK3CB_RPS6KB2","PIK3CB","RPS6KB2"
"MYC_RPS6KB2","MYC","RPS6KB2"
"FCGR1A_RPS6KB2","FCGR1A","RPS6KB2"
"FLT3_RPS6KB2","FLT3","RPS6KB2"
"ITGAM_RPS6KB2","ITGAM","RPS6KB2"
"TCF7L2_RPS6KB2","TCF7L2","RPS6KB2"
"LEF1_RPS6KB2","LEF1","RPS6KB2"
"CD14_RPS6KB2","CD14","RPS6KB2"
"CSF1R_RPS6KB2","CSF1R","RPS6KB2"
"CCNA1_RPS6KB2","CCNA1","RPS6KB2"
"KIT_RPS6KB2","KIT","RPS6KB2"
"DUSP6_RPS6KB2","DUSP6","RPS6KB2"
"ZBTB16_RPS6KB2","ZBTB16","RPS6KB2"
"MAP2K2_RPS6KB2","MAP2K2","RPS6KB2"
"SPI1_RPS6KB2","SPI1","RPS6KB2"
"CEBPE_RPS6KB2","CEBPE","RPS6KB2"
"BRAF_RPS6KB2","BRAF","RPS6KB2"
"CCND1_RPS6KB2","CCND1","RPS6KB2"
"PIK3CA_RPS6KB2","PIK3CA","RPS6KB2"
"PIK3CD_RPS6KB2","PIK3CD","RPS6KB2"
"PPARD_RPS6KB2","PPARD","RPS6KB2"
"RARA_RPS6KB2","RARA","RPS6KB2"
"PIM2_RPS6KB2","PIM2","RPS6KB2"
"NFKB1_RPS6KB2","NFKB1","RPS6KB2"
"MPO_RPS6KB2","MPO","RPS6KB2"
"STAT5B_RPS6KB2","STAT5B","RPS6KB2"
"EIF4EBP1_RPS6KB2","EIF4EBP1","RPS6KB2"
"IKBKG_RPS6KB2","IKBKG","RPS6KB2"
"AKT2_RPS6KB2","AKT2","RPS6KB2"
"STAT5A_RPS6KB2","STAT5A","RPS6KB2"
"HTRA1_RPS6KB2","HTRA1","RPS6KB2"
"DCBLD2_RPS6KB2","DCBLD2","RPS6KB2"
"IFITM3_RPS6KB2","IFITM3","RPS6KB2"
"F2RL1_RPS6KB2","F2RL1","RPS6KB2"
"BAK1_RPS6KB2","BAK1","RPS6KB2"
"COL4A1_RPS6KB2","COL4A1","RPS6KB2"
"ANO1_RPS6KB2","ANO1","RPS6KB2"
"GP1BA_RPS6KB2","GP1BA","RPS6KB2"
"TMEM98_RPS6KB2","TMEM98","RPS6KB2"
"VAV1_RPS6KB2","VAV1","RPS6KB2"
"TGFBR2_RPS6KB2","TGFBR2","RPS6KB2"
"COL8A1_RPS6KB2","COL8A1","RPS6KB2"
"EPCAM_RPS6KB2","EPCAM","RPS6KB2"
"RELA_ZBTB16","RELA","ZBTB16"
"MAPK1_ZBTB16","MAPK1","ZBTB16"
"CCNA2_ZBTB16","CCNA2","ZBTB16"
"PIK3R1_ZBTB16","PIK3R1","ZBTB16"
"PIK3R3_ZBTB16","PIK3R3","ZBTB16"
"JUP_ZBTB16","JUP","ZBTB16"
"PIK3R2_ZBTB16","PIK3R2","ZBTB16"
"CHUK_ZBTB16","CHUK","ZBTB16"
"PIK3CB_ZBTB16","PIK3CB","ZBTB16"
"MYC_ZBTB16","MYC","ZBTB16"
"FLT3_ZBTB16","FLT3","ZBTB16"
"ITGAM_ZBTB16","ITGAM","ZBTB16"
"TCF7L2_ZBTB16","TCF7L2","ZBTB16"
"AKT3_ZBTB16","AKT3","ZBTB16"
"LEF1_ZBTB16","LEF1","ZBTB16"
"CSF1R_ZBTB16","CSF1R","ZBTB16"
"CCNA1_ZBTB16","CCNA1","ZBTB16"
"KIT_ZBTB16","KIT","ZBTB16"
"DUSP6_ZBTB16","DUSP6","ZBTB16"
"RPS6KB2_ZBTB16","RPS6KB2","ZBTB16"
"SPI1_ZBTB16","SPI1","ZBTB16"
"P3R3URF.PIK3R3_ZBTB16","P3R3URF.PIK3R3","ZBTB16"
"SOS2_ZBTB16","SOS2","ZBTB16"
"CEBPE_ZBTB16","CEBPE","ZBTB16"
"BRAF_ZBTB16","BRAF","ZBTB16"
"CCND1_ZBTB16","CCND1","ZBTB16"
"PIK3CA_ZBTB16","PIK3CA","ZBTB16"
"PPARD_ZBTB16","PPARD","ZBTB16"
"RARA_ZBTB16","RARA","ZBTB16"
"PIM2_ZBTB16","PIM2","ZBTB16"
"NFKB1_ZBTB16","NFKB1","ZBTB16"
"PIM1_ZBTB16","PIM1","ZBTB16"
"MPO_ZBTB16","MPO","ZBTB16"
"STAT5B_ZBTB16","STAT5B","ZBTB16"
"EIF4EBP1_ZBTB16","EIF4EBP1","ZBTB16"
"GRB2_ZBTB16","GRB2","ZBTB16"
"IKBKB_ZBTB16","IKBKB","ZBTB16"
"IKBKG_ZBTB16","IKBKG","ZBTB16"
"AKT2_ZBTB16","AKT2","ZBTB16"
"STAT5A_ZBTB16","STAT5A","ZBTB16"
"HTRA1_ZBTB16","HTRA1","ZBTB16"
"DCBLD2_ZBTB16","DCBLD2","ZBTB16"
"IFITM3_ZBTB16","IFITM3","ZBTB16"
"F2RL1_ZBTB16","F2RL1","ZBTB16"
"BAK1_ZBTB16","BAK1","ZBTB16"
"MYH14_ZBTB16","MYH14","ZBTB16"
"COL4A1_ZBTB16","COL4A1","ZBTB16"
"ANO1_ZBTB16","ANO1","ZBTB16"
"TMC6_ZBTB16","TMC6","ZBTB16"
"VAV1_ZBTB16","VAV1","ZBTB16"
"TGFBR2_ZBTB16","TGFBR2","ZBTB16"
"EPCAM_ZBTB16","EPCAM","ZBTB16"
"RELA_MAP2K2","RELA","MAP2K2"
"CCNA2_MAP2K2","CCNA2","MAP2K2"
"MAP2K1_MAP2K2","MAP2K1","MAP2K2"
"PIK3R1_MAP2K2","PIK3R1","MAP2K2"
"MTOR_MAP2K2","MTOR","MAP2K2"
"PIK3R3_MAP2K2","PIK3R3","MAP2K2"
"JUP_MAP2K2","JUP","MAP2K2"
"RUNX1T1_MAP2K2","RUNX1T1","MAP2K2"
"PIK3R2_MAP2K2","PIK3R2","MAP2K2"
"CHUK_MAP2K2","CHUK","MAP2K2"
"PIK3CB_MAP2K2","PIK3CB","MAP2K2"
"MYC_MAP2K2","MYC","MAP2K2"
"FCGR1A_MAP2K2","FCGR1A","MAP2K2"
"FLT3_MAP2K2","FLT3","MAP2K2"
"ITGAM_MAP2K2","ITGAM","MAP2K2"
"TCF7L2_MAP2K2","TCF7L2","MAP2K2"
"LEF1_MAP2K2","LEF1","MAP2K2"
"CD14_MAP2K2","CD14","MAP2K2"
"CSF1R_MAP2K2","CSF1R","MAP2K2"
"CCNA1_MAP2K2","CCNA1","MAP2K2"
"KIT_MAP2K2","KIT","MAP2K2"
"DUSP6_MAP2K2","DUSP6","MAP2K2"
"RPS6KB2_MAP2K2","RPS6KB2","MAP2K2"
"SPI1_MAP2K2","SPI1","MAP2K2"
"P3R3URF.PIK3R3_MAP2K2","P3R3URF.PIK3R3","MAP2K2"
"SOS2_MAP2K2","SOS2","MAP2K2"
"CEBPE_MAP2K2","CEBPE","MAP2K2"
"CCND1_MAP2K2","CCND1","MAP2K2"
"PIK3CA_MAP2K2","PIK3CA","MAP2K2"
"PIK3CD_MAP2K2","PIK3CD","MAP2K2"
"PPARD_MAP2K2","PPARD","MAP2K2"
"RARA_MAP2K2","RARA","MAP2K2"
"PIM2_MAP2K2","PIM2","MAP2K2"
"NFKB1_MAP2K2","NFKB1","MAP2K2"
"PIM1_MAP2K2","PIM1","MAP2K2"
"STAT5B_MAP2K2","STAT5B","MAP2K2"
"EIF4EBP1_MAP2K2","EIF4EBP1","MAP2K2"
"IKBKB_MAP2K2","IKBKB","MAP2K2"
"IKBKG_MAP2K2","IKBKG","MAP2K2"
"AKT2_MAP2K2","AKT2","MAP2K2"
"STAT5A_MAP2K2","STAT5A","MAP2K2"
"HTRA1_MAP2K2","HTRA1","MAP2K2"
"DCBLD2_MAP2K2","DCBLD2","MAP2K2"
"IFITM3_MAP2K2","IFITM3","MAP2K2"
"ANXA2_MAP2K2","ANXA2","MAP2K2"
"F2RL1_MAP2K2","F2RL1","MAP2K2"
"BAK1_MAP2K2","BAK1","MAP2K2"
"MYH14_MAP2K2","MYH14","MAP2K2"
"COL4A1_MAP2K2","COL4A1","MAP2K2"
"ANO1_MAP2K2","ANO1","MAP2K2"
"GP1BA_MAP2K2","GP1BA","MAP2K2"
"TMEM98_MAP2K2","TMEM98","MAP2K2"
"TMC6_MAP2K2","TMC6","MAP2K2"
"VAV1_MAP2K2","VAV1","MAP2K2"
"TGFBR2_MAP2K2","TGFBR2","MAP2K2"
"COL8A1_MAP2K2","COL8A1","MAP2K2"
"EPCAM_MAP2K2","EPCAM","MAP2K2"
"MAPK1_SPI1","MAPK1","SPI1"
"PIK3R1_SPI1","PIK3R1","SPI1"
"PIK3R3_SPI1","PIK3R3","SPI1"
"JUP_SPI1","JUP","SPI1"
"RUNX1T1_SPI1","RUNX1T1","SPI1"
"PIK3R2_SPI1","PIK3R2","SPI1"
"PIK3CB_SPI1","PIK3CB","SPI1"
"FCGR1A_SPI1","FCGR1A","SPI1"
"ITGAM_SPI1","ITGAM","SPI1"
"TCF7L2_SPI1","TCF7L2","SPI1"
"AKT3_SPI1","AKT3","SPI1"
"LEF1_SPI1","LEF1","SPI1"
"CD14_SPI1","CD14","SPI1"
"CCNA1_SPI1","CCNA1","SPI1"
"KIT_SPI1","KIT","SPI1"
"DUSP6_SPI1","DUSP6","SPI1"
"ZBTB16_SPI1","ZBTB16","SPI1"
"MAP2K2_SPI1","MAP2K2","SPI1"
"P3R3URF.PIK3R3_SPI1","P3R3URF.PIK3R3","SPI1"
"SOS2_SPI1","SOS2","SPI1"
"BRAF_SPI1","BRAF","SPI1"
"CCND1_SPI1","CCND1","SPI1"
"PIK3CA_SPI1","PIK3CA","SPI1"
"RARA_SPI1","RARA","SPI1"
"PIM2_SPI1","PIM2","SPI1"
"NFKB1_SPI1","NFKB1","SPI1"
"PIM1_SPI1","PIM1","SPI1"
"MPO_SPI1","MPO","SPI1"
"STAT5B_SPI1","STAT5B","SPI1"
"EIF4EBP1_SPI1","EIF4EBP1","SPI1"
"GRB2_SPI1","GRB2","SPI1"
"IKBKB_SPI1","IKBKB","SPI1"
"STAT5A_SPI1","STAT5A","SPI1"
"HTRA1_SPI1","HTRA1","SPI1"
"DCBLD2_SPI1","DCBLD2","SPI1"
"IFITM3_SPI1","IFITM3","SPI1"
"ANXA2_SPI1","ANXA2","SPI1"
"F2RL1_SPI1","F2RL1","SPI1"
"BAK1_SPI1","BAK1","SPI1"
"COL4A1_SPI1","COL4A1","SPI1"
"ANO1_SPI1","ANO1","SPI1"
"GP1BA_SPI1","GP1BA","SPI1"
"TMEM98_SPI1","TMEM98","SPI1"
"VAV1_SPI1","VAV1","SPI1"
"TGFBR2_SPI1","TGFBR2","SPI1"
"COL8A1_SPI1","COL8A1","SPI1"
"EPCAM_SPI1","EPCAM","SPI1"
"CCNA2_P3R3URF.PIK3R3","CCNA2","P3R3URF.PIK3R3"
"MAP2K1_P3R3URF.PIK3R3","MAP2K1","P3R3URF.PIK3R3"
"PIK3R1_P3R3URF.PIK3R3","PIK3R1","P3R3URF.PIK3R3"
"MTOR_P3R3URF.PIK3R3","MTOR","P3R3URF.PIK3R3"
"PIK3R3_P3R3URF.PIK3R3","PIK3R3","P3R3URF.PIK3R3"
"JUP_P3R3URF.PIK3R3","JUP","P3R3URF.PIK3R3"
"RUNX1T1_P3R3URF.PIK3R3","RUNX1T1","P3R3URF.PIK3R3"
"PIK3R2_P3R3URF.PIK3R3","PIK3R2","P3R3URF.PIK3R3"
"CHUK_P3R3URF.PIK3R3","CHUK","P3R3URF.PIK3R3"
"PIK3CB_P3R3URF.PIK3R3","PIK3CB","P3R3URF.PIK3R3"
"FCGR1A_P3R3URF.PIK3R3","FCGR1A","P3R3URF.PIK3R3"
"TCF7L2_P3R3URF.PIK3R3","TCF7L2","P3R3URF.PIK3R3"
"AKT3_P3R3URF.PIK3R3","AKT3","P3R3URF.PIK3R3"
"CD14_P3R3URF.PIK3R3","CD14","P3R3URF.PIK3R3"
"CSF1R_P3R3URF.PIK3R3","CSF1R","P3R3URF.PIK3R3"
"CCNA1_P3R3URF.PIK3R3","CCNA1","P3R3URF.PIK3R3"
"KIT_P3R3URF.PIK3R3","KIT","P3R3URF.PIK3R3"
"DUSP6_P3R3URF.PIK3R3","DUSP6","P3R3URF.PIK3R3"
"RPS6KB2_P3R3URF.PIK3R3","RPS6KB2","P3R3URF.PIK3R3"
"ZBTB16_P3R3URF.PIK3R3","ZBTB16","P3R3URF.PIK3R3"
"SPI1_P3R3URF.PIK3R3","SPI1","P3R3URF.PIK3R3"
"SOS2_P3R3URF.PIK3R3","SOS2","P3R3URF.PIK3R3"
"CEBPE_P3R3URF.PIK3R3","CEBPE","P3R3URF.PIK3R3"
"BRAF_P3R3URF.PIK3R3","BRAF","P3R3URF.PIK3R3"
"CCND1_P3R3URF.PIK3R3","CCND1","P3R3URF.PIK3R3"
"PIK3CA_P3R3URF.PIK3R3","PIK3CA","P3R3URF.PIK3R3"
"PIK3CD_P3R3URF.PIK3R3","PIK3CD","P3R3URF.PIK3R3"
"PPARD_P3R3URF.PIK3R3","PPARD","P3R3URF.PIK3R3"
"PIM2_P3R3URF.PIK3R3","PIM2","P3R3URF.PIK3R3"
"NFKB1_P3R3URF.PIK3R3","NFKB1","P3R3URF.PIK3R3"
"PIM1_P3R3URF.PIK3R3","PIM1","P3R3URF.PIK3R3"
"EIF4EBP1_P3R3URF.PIK3R3","EIF4EBP1","P3R3URF.PIK3R3"
"IKBKB_P3R3URF.PIK3R3","IKBKB","P3R3URF.PIK3R3"
"HTRA1_P3R3URF.PIK3R3","HTRA1","P3R3URF.PIK3R3"
"DCBLD2_P3R3URF.PIK3R3","DCBLD2","P3R3URF.PIK3R3"
"IFITM3_P3R3URF.PIK3R3","IFITM3","P3R3URF.PIK3R3"
"F2RL1_P3R3URF.PIK3R3","F2RL1","P3R3URF.PIK3R3"
"MYH14_P3R3URF.PIK3R3","MYH14","P3R3URF.PIK3R3"
"COL4A1_P3R3URF.PIK3R3","COL4A1","P3R3URF.PIK3R3"
"GP1BA_P3R3URF.PIK3R3","GP1BA","P3R3URF.PIK3R3"
"TMC6_P3R3URF.PIK3R3","TMC6","P3R3URF.PIK3R3"
"VAV1_P3R3URF.PIK3R3","VAV1","P3R3URF.PIK3R3"
"TGFBR2_P3R3URF.PIK3R3","TGFBR2","P3R3URF.PIK3R3"
"COL8A1_P3R3URF.PIK3R3","COL8A1","P3R3URF.PIK3R3"
"RELA_SOS2","RELA","SOS2"
"MAPK1_SOS2","MAPK1","SOS2"
"PIK3R1_SOS2","PIK3R1","SOS2"
"PIK3R3_SOS2","PIK3R3","SOS2"
"JUP_SOS2","JUP","SOS2"
"PIK3CB_SOS2","PIK3CB","SOS2"
"FLT3_SOS2","FLT3","SOS2"
"ITGAM_SOS2","ITGAM","SOS2"
"TCF7L2_SOS2","TCF7L2","SOS2"
"AKT3_SOS2","AKT3","SOS2"
"LEF1_SOS2","LEF1","SOS2"
"CSF1R_SOS2","CSF1R","SOS2"
"CCNA1_SOS2","CCNA1","SOS2"
"DUSP6_SOS2","DUSP6","SOS2"
"ZBTB16_SOS2","ZBTB16","SOS2"
"SPI1_SOS2","SPI1","SOS2"
"P3R3URF.PIK3R3_SOS2","P3R3URF.PIK3R3","SOS2"
"CCND1_SOS2","CCND1","SOS2"
"PIK3CA_SOS2","PIK3CA","SOS2"
"PPARD_SOS2","PPARD","SOS2"
"PIM1_SOS2","PIM1","SOS2"
"MPO_SOS2","MPO","SOS2"
"STAT5B_SOS2","STAT5B","SOS2"
"GRB2_SOS2","GRB2","SOS2"
"IKBKB_SOS2","IKBKB","SOS2"
"IKBKG_SOS2","IKBKG","SOS2"
"DCBLD2_SOS2","DCBLD2","SOS2"
"ANXA2_SOS2","ANXA2","SOS2"
"F2RL1_SOS2","F2RL1","SOS2"
"BAK1_SOS2","BAK1","SOS2"
"MYH14_SOS2","MYH14","SOS2"
"COL4A1_SOS2","COL4A1","SOS2"
"TMEM98_SOS2","TMEM98","SOS2"
"TMC6_SOS2","TMC6","SOS2"
"TGFBR2_SOS2","TGFBR2","SOS2"
"COL8A1_SOS2","COL8A1","SOS2"
"MAPK1_CEBPE","MAPK1","CEBPE"
"MAP2K1_CEBPE","MAP2K1","CEBPE"
"PIK3R1_CEBPE","PIK3R1","CEBPE"
"MTOR_CEBPE","MTOR","CEBPE"
"PIK3R3_CEBPE","PIK3R3","CEBPE"
"JUP_CEBPE","JUP","CEBPE"
"RUNX1T1_CEBPE","RUNX1T1","CEBPE"
"PIK3R2_CEBPE","PIK3R2","CEBPE"
"CHUK_CEBPE","CHUK","CEBPE"
"PIK3CB_CEBPE","PIK3CB","CEBPE"
"MYC_CEBPE","MYC","CEBPE"
"FCGR1A_CEBPE","FCGR1A","CEBPE"
"FLT3_CEBPE","FLT3","CEBPE"
"TCF7L2_CEBPE","TCF7L2","CEBPE"
"AKT3_CEBPE","AKT3","CEBPE"
"LEF1_CEBPE","LEF1","CEBPE"
"CCNA1_CEBPE","CCNA1","CEBPE"
"DUSP6_CEBPE","DUSP6","CEBPE"
"RPS6KB2_CEBPE","RPS6KB2","CEBPE"
"ZBTB16_CEBPE","ZBTB16","CEBPE"
"MAP2K2_CEBPE","MAP2K2","CEBPE"
"SOS2_CEBPE","SOS2","CEBPE"
"BRAF_CEBPE","BRAF","CEBPE"
"CCND1_CEBPE","CCND1","CEBPE"
"PIK3CA_CEBPE","PIK3CA","CEBPE"
"PIK3CD_CEBPE","PIK3CD","CEBPE"
"RARA_CEBPE","RARA","CEBPE"
"PIM2_CEBPE","PIM2","CEBPE"
"PIM1_CEBPE","PIM1","CEBPE"
"MPO_CEBPE","MPO","CEBPE"
"EIF4EBP1_CEBPE","EIF4EBP1","CEBPE"
"GRB2_CEBPE","GRB2","CEBPE"
"IKBKB_CEBPE","IKBKB","CEBPE"
"IKBKG_CEBPE","IKBKG","CEBPE"
"AKT2_CEBPE","AKT2","CEBPE"
"HTRA1_CEBPE","HTRA1","CEBPE"
"DCBLD2_CEBPE","DCBLD2","CEBPE"
"F2RL1_CEBPE","F2RL1","CEBPE"
"BAK1_CEBPE","BAK1","CEBPE"
"COL4A1_CEBPE","COL4A1","CEBPE"
"ANO1_CEBPE","ANO1","CEBPE"
"TMEM98_CEBPE","TMEM98","CEBPE"
"VAV1_CEBPE","VAV1","CEBPE"
"COL8A1_CEBPE","COL8A1","CEBPE"
"EPCAM_CEBPE","EPCAM","CEBPE"
"RELA_BRAF","RELA","BRAF"
"MAPK1_BRAF","MAPK1","BRAF"
"CCNA2_BRAF","CCNA2","BRAF"
"MAP2K1_BRAF","MAP2K1","BRAF"
"PIK3R1_BRAF","PIK3R1","BRAF"
"MTOR_BRAF","MTOR","BRAF"
"RUNX1T1_BRAF","RUNX1T1","BRAF"
"PIK3R2_BRAF","PIK3R2","BRAF"
"CHUK_BRAF","CHUK","BRAF"
"PIK3CB_BRAF","PIK3CB","BRAF"
"MYC_BRAF","MYC","BRAF"
"FCGR1A_BRAF","FCGR1A","BRAF"
"FLT3_BRAF","FLT3","BRAF"
"TCF7L2_BRAF","TCF7L2","BRAF"
"AKT3_BRAF","AKT3","BRAF"
"CCNA1_BRAF","CCNA1","BRAF"
"KIT_BRAF","KIT","BRAF"
"DUSP6_BRAF","DUSP6","BRAF"
"RPS6KB2_BRAF","RPS6KB2","BRAF"
"ZBTB16_BRAF","ZBTB16","BRAF"
"MAP2K2_BRAF","MAP2K2","BRAF"
"SPI1_BRAF","SPI1","BRAF"
"P3R3URF.PIK3R3_BRAF","P3R3URF.PIK3R3","BRAF"
"SOS2_BRAF","SOS2","BRAF"
"CCND1_BRAF","CCND1","BRAF"
"PPARD_BRAF","PPARD","BRAF"
"RARA_BRAF","RARA","BRAF"
"PIM2_BRAF","PIM2","BRAF"
"PIM1_BRAF","PIM1","BRAF"
"STAT5B_BRAF","STAT5B","BRAF"
"EIF4EBP1_BRAF","EIF4EBP1","BRAF"
"GRB2_BRAF","GRB2","BRAF"
"IKBKB_BRAF","IKBKB","BRAF"
"IKBKG_BRAF","IKBKG","BRAF"
"STAT5A_BRAF","STAT5A","BRAF"
"HTRA1_BRAF","HTRA1","BRAF"
"DCBLD2_BRAF","DCBLD2","BRAF"
"IFITM3_BRAF","IFITM3","BRAF"
"ANXA2_BRAF","ANXA2","BRAF"
"F2RL1_BRAF","F2RL1","BRAF"
"BAK1_BRAF","BAK1","BRAF"
"MYH14_BRAF","MYH14","BRAF"
"COL4A1_BRAF","COL4A1","BRAF"
"ANO1_BRAF","ANO1","BRAF"
"GP1BA_BRAF","GP1BA","BRAF"
"TMEM98_BRAF","TMEM98","BRAF"
"TMC6_BRAF","TMC6","BRAF"
"VAV1_BRAF","VAV1","BRAF"
"TGFBR2_BRAF","TGFBR2","BRAF"
"COL8A1_BRAF","COL8A1","BRAF"
"EPCAM_BRAF","EPCAM","BRAF"
"MAPK1_CCND1","MAPK1","CCND1"
"CCNA2_CCND1","CCNA2","CCND1"
"MAP2K1_CCND1","MAP2K1","CCND1"
"PIK3R1_CCND1","PIK3R1","CCND1"
"MTOR_CCND1","MTOR","CCND1"
"PIK3R2_CCND1","PIK3R2","CCND1"
"PIK3CB_CCND1","PIK3CB","CCND1"
"MYC_CCND1","MYC","CCND1"
"FLT3_CCND1","FLT3","CCND1"
"ITGAM_CCND1","ITGAM","CCND1"
"TCF7L2_CCND1","TCF7L2","CCND1"
"AKT3_CCND1","AKT3","CCND1"
"CSF1R_CCND1","CSF1R","CCND1"
"CCNA1_CCND1","CCNA1","CCND1"
"DUSP6_CCND1","DUSP6","CCND1"
"RPS6KB2_CCND1","RPS6KB2","CCND1"
"ZBTB16_CCND1","ZBTB16","CCND1"
"SPI1_CCND1","SPI1","CCND1"
"P3R3URF.PIK3R3_CCND1","P3R3URF.PIK3R3","CCND1"
"CEBPE_CCND1","CEBPE","CCND1"
"PIK3CD_CCND1","PIK3CD","CCND1"
"PPARD_CCND1","PPARD","CCND1"
"PIM2_CCND1","PIM2","CCND1"
"NFKB1_CCND1","NFKB1","CCND1"
"PIM1_CCND1","PIM1","CCND1"
"STAT5B_CCND1","STAT5B","CCND1"
"EIF4EBP1_CCND1","EIF4EBP1","CCND1"
"GRB2_CCND1","GRB2","CCND1"
"IKBKB_CCND1","IKBKB","CCND1"
"AKT2_CCND1","AKT2","CCND1"
"STAT5A_CCND1","STAT5A","CCND1"
"DCBLD2_CCND1","DCBLD2","CCND1"
"IFITM3_CCND1","IFITM3","CCND1"
"ANXA2_CCND1","ANXA2","CCND1"
"MYH14_CCND1","MYH14","CCND1"
"COL4A1_CCND1","COL4A1","CCND1"
"ANO1_CCND1","ANO1","CCND1"
"GP1BA_CCND1","GP1BA","CCND1"
"TMEM98_CCND1","TMEM98","CCND1"
"VAV1_CCND1","VAV1","CCND1"
"COL8A1_CCND1","COL8A1","CCND1"
"RELA_PIK3CA","RELA","PIK3CA"
"MAP2K1_PIK3CA","MAP2K1","PIK3CA"
"PIK3R1_PIK3CA","PIK3R1","PIK3CA"
"MTOR_PIK3CA","MTOR","PIK3CA"
"PIK3R3_PIK3CA","PIK3R3","PIK3CA"
"JUP_PIK3CA","JUP","PIK3CA"
"PIK3R2_PIK3CA","PIK3R2","PIK3CA"
"CHUK_PIK3CA","CHUK","PIK3CA"
"PIK3CB_PIK3CA","PIK3CB","PIK3CA"
"MYC_PIK3CA","MYC","PIK3CA"
"FCGR1A_PIK3CA","FCGR1A","PIK3CA"
"ITGAM_PIK3CA","ITGAM","PIK3CA"
"TCF7L2_PIK3CA","TCF7L2","PIK3CA"
"AKT3_PIK3CA","AKT3","PIK3CA"
"CD14_PIK3CA","CD14","PIK3CA"
"CSF1R_PIK3CA","CSF1R","PIK3CA"
"CCNA1_PIK3CA","CCNA1","PIK3CA"
"DUSP6_PIK3CA","DUSP6","PIK3CA"
"RPS6KB2_PIK3CA","RPS6KB2","PIK3CA"
"ZBTB16_PIK3CA","ZBTB16","PIK3CA"
"MAP2K2_PIK3CA","MAP2K2","PIK3CA"
"P3R3URF.PIK3R3_PIK3CA","P3R3URF.PIK3R3","PIK3CA"
"SOS2_PIK3CA","SOS2","PIK3CA"
"CEBPE_PIK3CA","CEBPE","PIK3CA"
"CCND1_PIK3CA","CCND1","PIK3CA"
"PIK3CD_PIK3CA","PIK3CD","PIK3CA"
"RARA_PIK3CA","RARA","PIK3CA"
"NFKB1_PIK3CA","NFKB1","PIK3CA"
"MPO_PIK3CA","MPO","PIK3CA"
"IKBKB_PIK3CA","IKBKB","PIK3CA"
"IKBKG_PIK3CA","IKBKG","PIK3CA"
"AKT2_PIK3CA","AKT2","PIK3CA"
"HTRA1_PIK3CA","HTRA1","PIK3CA"
"DCBLD2_PIK3CA","DCBLD2","PIK3CA"
"IFITM3_PIK3CA","IFITM3","PIK3CA"
"ANXA2_PIK3CA","ANXA2","PIK3CA"
"F2RL1_PIK3CA","F2RL1","PIK3CA"
"BAK1_PIK3CA","BAK1","PIK3CA"
"MYH14_PIK3CA","MYH14","PIK3CA"
"ANO1_PIK3CA","ANO1","PIK3CA"
"GP1BA_PIK3CA","GP1BA","PIK3CA"
"TMEM98_PIK3CA","TMEM98","PIK3CA"
"TMC6_PIK3CA","TMC6","PIK3CA"
"VAV1_PIK3CA","VAV1","PIK3CA"
"TGFBR2_PIK3CA","TGFBR2","PIK3CA"
"COL8A1_PIK3CA","COL8A1","PIK3CA"
"EPCAM_PIK3CA","EPCAM","PIK3CA"
"RELA_PIK3CD","RELA","PIK3CD"
"MAPK1_PIK3CD","MAPK1","PIK3CD"
"MAP2K1_PIK3CD","MAP2K1","PIK3CD"
"PIK3R1_PIK3CD","PIK3R1","PIK3CD"
"MTOR_PIK3CD","MTOR","PIK3CD"
"PIK3R3_PIK3CD","PIK3R3","PIK3CD"
"JUP_PIK3CD","JUP","PIK3CD"
"RUNX1T1_PIK3CD","RUNX1T1","PIK3CD"
"PIK3R2_PIK3CD","PIK3R2","PIK3CD"
"FLT3_PIK3CD","FLT3","PIK3CD"
"ITGAM_PIK3CD","ITGAM","PIK3CD"
"TCF7L2_PIK3CD","TCF7L2","PIK3CD"
"LEF1_PIK3CD","LEF1","PIK3CD"
"CSF1R_PIK3CD","CSF1R","PIK3CD"
"CCNA1_PIK3CD","CCNA1","PIK3CD"
"DUSP6_PIK3CD","DUSP6","PIK3CD"
"RPS6KB2_PIK3CD","RPS6KB2","PIK3CD"
"MAP2K2_PIK3CD","MAP2K2","PIK3CD"
"SPI1_PIK3CD","SPI1","PIK3CD"
"P3R3URF.PIK3R3_PIK3CD","P3R3URF.PIK3R3","PIK3CD"
"SOS2_PIK3CD","SOS2","PIK3CD"
"CEBPE_PIK3CD","CEBPE","PIK3CD"
"BRAF_PIK3CD","BRAF","PIK3CD"
"PPARD_PIK3CD","PPARD","PIK3CD"
"RARA_PIK3CD","RARA","PIK3CD"
"PIM2_PIK3CD","PIM2","PIK3CD"
"NFKB1_PIK3CD","NFKB1","PIK3CD"
"MPO_PIK3CD","MPO","PIK3CD"
"STAT5B_PIK3CD","STAT5B","PIK3CD"
"EIF4EBP1_PIK3CD","EIF4EBP1","PIK3CD"
"GRB2_PIK3CD","GRB2","PIK3CD"
"IKBKB_PIK3CD","IKBKB","PIK3CD"
"IKBKG_PIK3CD","IKBKG","PIK3CD"
"AKT2_PIK3CD","AKT2","PIK3CD"
"STAT5A_PIK3CD","STAT5A","PIK3CD"
"DCBLD2_PIK3CD","DCBLD2","PIK3CD"
"IFITM3_PIK3CD","IFITM3","PIK3CD"
"ANXA2_PIK3CD","ANXA2","PIK3CD"
"F2RL1_PIK3CD","F2RL1","PIK3CD"
"BAK1_PIK3CD","BAK1","PIK3CD"
"MYH14_PIK3CD","MYH14","PIK3CD"
"COL4A1_PIK3CD","COL4A1","PIK3CD"
"GP1BA_PIK3CD","GP1BA","PIK3CD"
"TMEM98_PIK3CD","TMEM98","PIK3CD"
"TMC6_PIK3CD","TMC6","PIK3CD"
"VAV1_PIK3CD","VAV1","PIK3CD"
"COL8A1_PIK3CD","COL8A1","PIK3CD"
"EPCAM_PIK3CD","EPCAM","PIK3CD"
"RELA_PPARD","RELA","PPARD"
"MAPK1_PPARD","MAPK1","PPARD"
"CCNA2_PPARD","CCNA2","PPARD"
"PIK3R1_PPARD","PIK3R1","PPARD"
"MTOR_PPARD","MTOR","PPARD"
"PIK3R3_PPARD","PIK3R3","PPARD"
"JUP_PPARD","JUP","PPARD"
"PIK3R2_PPARD","PIK3R2","PPARD"
"CHUK_PPARD","CHUK","PPARD"
"FLT3_PPARD","FLT3","PPARD"
"ITGAM_PPARD","ITGAM","PPARD"
"TCF7L2_PPARD","TCF7L2","PPARD"
"AKT3_PPARD","AKT3","PPARD"
"LEF1_PPARD","LEF1","PPARD"
"CSF1R_PPARD","CSF1R","PPARD"
"CCNA1_PPARD","CCNA1","PPARD"
"DUSP6_PPARD","DUSP6","PPARD"
"ZBTB16_PPARD","ZBTB16","PPARD"
"MAP2K2_PPARD","MAP2K2","PPARD"
"P3R3URF.PIK3R3_PPARD","P3R3URF.PIK3R3","PPARD"
"SOS2_PPARD","SOS2","PPARD"
"CEBPE_PPARD","CEBPE","PPARD"
"BRAF_PPARD","BRAF","PPARD"
"CCND1_PPARD","CCND1","PPARD"
"PIK3CD_PPARD","PIK3CD","PPARD"
"RARA_PPARD","RARA","PPARD"
"PIM2_PPARD","PIM2","PPARD"
"NFKB1_PPARD","NFKB1","PPARD"
"PIM1_PPARD","PIM1","PPARD"
"STAT5B_PPARD","STAT5B","PPARD"
"EIF4EBP1_PPARD","EIF4EBP1","PPARD"
"GRB2_PPARD","GRB2","PPARD"
"IKBKG_PPARD","IKBKG","PPARD"
"AKT2_PPARD","AKT2","PPARD"
"STAT5A_PPARD","STAT5A","PPARD"
"DCBLD2_PPARD","DCBLD2","PPARD"
"IFITM3_PPARD","IFITM3","PPARD"
"ANXA2_PPARD","ANXA2","PPARD"
"F2RL1_PPARD","F2RL1","PPARD"
"BAK1_PPARD","BAK1","PPARD"
"MYH14_PPARD","MYH14","PPARD"
"ANO1_PPARD","ANO1","PPARD"
"TMEM98_PPARD","TMEM98","PPARD"
"TMC6_PPARD","TMC6","PPARD"
"VAV1_PPARD","VAV1","PPARD"
"TGFBR2_PPARD","TGFBR2","PPARD"
"EPCAM_PPARD","EPCAM","PPARD"
"RELA_RARA","RELA","RARA"
"MAPK1_RARA","MAPK1","RARA"
"CCNA2_RARA","CCNA2","RARA"
"MAP2K1_RARA","MAP2K1","RARA"
"PIK3R1_RARA","PIK3R1","RARA"
"MTOR_RARA","MTOR","RARA"
"PIK3R3_RARA","PIK3R3","RARA"
"JUP_RARA","JUP","RARA"
"RUNX1T1_RARA","RUNX1T1","RARA"
"PIK3R2_RARA","PIK3R2","RARA"
"CHUK_RARA","CHUK","RARA"
"PIK3CB_RARA","PIK3CB","RARA"
"MYC_RARA","MYC","RARA"
"FCGR1A_RARA","FCGR1A","RARA"
"FLT3_RARA","FLT3","RARA"
"ITGAM_RARA","ITGAM","RARA"
"TCF7L2_RARA","TCF7L2","RARA"
"AKT3_RARA","AKT3","RARA"
"LEF1_RARA","LEF1","RARA"
"CCNA1_RARA","CCNA1","RARA"
"KIT_RARA","KIT","RARA"
"DUSP6_RARA","DUSP6","RARA"
"RPS6KB2_RARA","RPS6KB2","RARA"
"ZBTB16_RARA","ZBTB16","RARA"
"MAP2K2_RARA","MAP2K2","RARA"
"P3R3URF.PIK3R3_RARA","P3R3URF.PIK3R3","RARA"
"SOS2_RARA","SOS2","RARA"
"CEBPE_RARA","CEBPE","RARA"
"BRAF_RARA","BRAF","RARA"
"CCND1_RARA","CCND1","RARA"
"PIK3CD_RARA","PIK3CD","RARA"
"PPARD_RARA","PPARD","RARA"
"PIM2_RARA","PIM2","RARA"
"NFKB1_RARA","NFKB1","RARA"
"MPO_RARA","MPO","RARA"
"STAT5B_RARA","STAT5B","RARA"
"EIF4EBP1_RARA","EIF4EBP1","RARA"
"AKT2_RARA","AKT2","RARA"
"STAT5A_RARA","STAT5A","RARA"
"HTRA1_RARA","HTRA1","RARA"
"DCBLD2_RARA","DCBLD2","RARA"
"IFITM3_RARA","IFITM3","RARA"
"ANXA2_RARA","ANXA2","RARA"
"BAK1_RARA","BAK1","RARA"
"MYH14_RARA","MYH14","RARA"
"ANO1_RARA","ANO1","RARA"
"GP1BA_RARA","GP1BA","RARA"
"TMC6_RARA","TMC6","RARA"
"TGFBR2_RARA","TGFBR2","RARA"
"COL8A1_RARA","COL8A1","RARA"
"RELA_PIM2","RELA","PIM2"
"MAPK1_PIM2","MAPK1","PIM2"
"CCNA2_PIM2","CCNA2","PIM2"
"MAP2K1_PIM2","MAP2K1","PIM2"
"MTOR_PIM2","MTOR","PIM2"
"PIK3R3_PIM2","PIK3R3","PIM2"
"JUP_PIM2","JUP","PIM2"
"RUNX1T1_PIM2","RUNX1T1","PIM2"
"PIK3R2_PIM2","PIK3R2","PIM2"
"CHUK_PIM2","CHUK","PIM2"
"PIK3CB_PIM2","PIK3CB","PIM2"
"FCGR1A_PIM2","FCGR1A","PIM2"
"ITGAM_PIM2","ITGAM","PIM2"
"TCF7L2_PIM2","TCF7L2","PIM2"
"LEF1_PIM2","LEF1","PIM2"
"CD14_PIM2","CD14","PIM2"
"CSF1R_PIM2","CSF1R","PIM2"
"CCNA1_PIM2","CCNA1","PIM2"
"KIT_PIM2","KIT","PIM2"
"DUSP6_PIM2","DUSP6","PIM2"
"RPS6KB2_PIM2","RPS6KB2","PIM2"
"ZBTB16_PIM2","ZBTB16","PIM2"
"MAP2K2_PIM2","MAP2K2","PIM2"
"SPI1_PIM2","SPI1","PIM2"
"P3R3URF.PIK3R3_PIM2","P3R3URF.PIK3R3","PIM2"
"SOS2_PIM2","SOS2","PIM2"
"BRAF_PIM2","BRAF","PIM2"
"CCND1_PIM2","CCND1","PIM2"
"PIK3CA_PIM2","PIK3CA","PIM2"
"PIK3CD_PIM2","PIK3CD","PIM2"
"PPARD_PIM2","PPARD","PIM2"
"RARA_PIM2","RARA","PIM2"
"NFKB1_PIM2","NFKB1","PIM2"
"STAT5B_PIM2","STAT5B","PIM2"
"EIF4EBP1_PIM2","EIF4EBP1","PIM2"
"GRB2_PIM2","GRB2","PIM2"
"IKBKB_PIM2","IKBKB","PIM2"
"IKBKG_PIM2","IKBKG","PIM2"
"AKT2_PIM2","AKT2","PIM2"
"HTRA1_PIM2","HTRA1","PIM2"
"IFITM3_PIM2","IFITM3","PIM2"
"ANXA2_PIM2","ANXA2","PIM2"
"F2RL1_PIM2","F2RL1","PIM2"
"BAK1_PIM2","BAK1","PIM2"
"COL4A1_PIM2","COL4A1","PIM2"
"ANO1_PIM2","ANO1","PIM2"
"TMEM98_PIM2","TMEM98","PIM2"
"COL8A1_PIM2","COL8A1","PIM2"
"EPCAM_PIM2","EPCAM","PIM2"
"RELA_NFKB1","RELA","NFKB1"
"MAPK1_NFKB1","MAPK1","NFKB1"
"MAP2K1_NFKB1","MAP2K1","NFKB1"
"PIK3R1_NFKB1","PIK3R1","NFKB1"
"PIK3R3_NFKB1","PIK3R3","NFKB1"
"RUNX1T1_NFKB1","RUNX1T1","NFKB1"
"PIK3R2_NFKB1","PIK3R2","NFKB1"
"CHUK_NFKB1","CHUK","NFKB1"
"PIK3CB_NFKB1","PIK3CB","NFKB1"
"MYC_NFKB1","MYC","NFKB1"
"FCGR1A_NFKB1","FCGR1A","NFKB1"
"FLT3_NFKB1","FLT3","NFKB1"
"TCF7L2_NFKB1","TCF7L2","NFKB1"
"AKT3_NFKB1","AKT3","NFKB1"
"LEF1_NFKB1","LEF1","NFKB1"
"CD14_NFKB1","CD14","NFKB1"
"CSF1R_NFKB1","CSF1R","NFKB1"
"KIT_NFKB1","KIT","NFKB1"
"DUSP6_NFKB1","DUSP6","NFKB1"
"RPS6KB2_NFKB1","RPS6KB2","NFKB1"
"MAP2K2_NFKB1","MAP2K2","NFKB1"
"SPI1_NFKB1","SPI1","NFKB1"
"P3R3URF.PIK3R3_NFKB1","P3R3URF.PIK3R3","NFKB1"
"SOS2_NFKB1","SOS2","NFKB1"
"CEBPE_NFKB1","CEBPE","NFKB1"
"BRAF_NFKB1","BRAF","NFKB1"
"CCND1_NFKB1","CCND1","NFKB1"
"PIK3CA_NFKB1","PIK3CA","NFKB1"
"PIK3CD_NFKB1","PIK3CD","NFKB1"
"PPARD_NFKB1","PPARD","NFKB1"
"RARA_NFKB1","RARA","NFKB1"
"PIM2_NFKB1","PIM2","NFKB1"
"PIM1_NFKB1","PIM1","NFKB1"
"MPO_NFKB1","MPO","NFKB1"
"STAT5B_NFKB1","STAT5B","NFKB1"
"EIF4EBP1_NFKB1","EIF4EBP1","NFKB1"
"GRB2_NFKB1","GRB2","NFKB1"
"IKBKB_NFKB1","IKBKB","NFKB1"
"IKBKG_NFKB1","IKBKG","NFKB1"
"AKT2_NFKB1","AKT2","NFKB1"
"STAT5A_NFKB1","STAT5A","NFKB1"
"HTRA1_NFKB1","HTRA1","NFKB1"
"DCBLD2_NFKB1","DCBLD2","NFKB1"
"IFITM3_NFKB1","IFITM3","NFKB1"
"F2RL1_NFKB1","F2RL1","NFKB1"
"BAK1_NFKB1","BAK1","NFKB1"
"MYH14_NFKB1","MYH14","NFKB1"
"COL4A1_NFKB1","COL4A1","NFKB1"
"ANO1_NFKB1","ANO1","NFKB1"
"GP1BA_NFKB1","GP1BA","NFKB1"
"VAV1_NFKB1","VAV1","NFKB1"
"TGFBR2_NFKB1","TGFBR2","NFKB1"
"COL8A1_NFKB1","COL8A1","NFKB1"
"EPCAM_NFKB1","EPCAM","NFKB1"
"CCNA2_PIM1","CCNA2","PIM1"
"PIK3R3_PIM1","PIK3R3","PIM1"
"JUP_PIM1","JUP","PIM1"
"RUNX1T1_PIM1","RUNX1T1","PIM1"
"PIK3R2_PIM1","PIK3R2","PIM1"
"PIK3CB_PIM1","PIK3CB","PIM1"
"MYC_PIM1","MYC","PIM1"
"FCGR1A_PIM1","FCGR1A","PIM1"
"FLT3_PIM1","FLT3","PIM1"
"AKT3_PIM1","AKT3","PIM1"
"LEF1_PIM1","LEF1","PIM1"
"CSF1R_PIM1","CSF1R","PIM1"
"CCNA1_PIM1","CCNA1","PIM1"
"KIT_PIM1","KIT","PIM1"
"DUSP6_PIM1","DUSP6","PIM1"
"RPS6KB2_PIM1","RPS6KB2","PIM1"
"ZBTB16_PIM1","ZBTB16","PIM1"
"SPI1_PIM1","SPI1","PIM1"
"P3R3URF.PIK3R3_PIM1","P3R3URF.PIK3R3","PIM1"
"BRAF_PIM1","BRAF","PIM1"
"PIK3CD_PIM1","PIK3CD","PIM1"
"PPARD_PIM1","PPARD","PIM1"
"RARA_PIM1","RARA","PIM1"
"STAT5B_PIM1","STAT5B","PIM1"
"EIF4EBP1_PIM1","EIF4EBP1","PIM1"
"GRB2_PIM1","GRB2","PIM1"
"IKBKB_PIM1","IKBKB","PIM1"
"IKBKG_PIM1","IKBKG","PIM1"
"AKT2_PIM1","AKT2","PIM1"
"STAT5A_PIM1","STAT5A","PIM1"
"ANXA2_PIM1","ANXA2","PIM1"
"F2RL1_PIM1","F2RL1","PIM1"
"BAK1_PIM1","BAK1","PIM1"
"ANO1_PIM1","ANO1","PIM1"
"TMEM98_PIM1","TMEM98","PIM1"
"TMC6_PIM1","TMC6","PIM1"
"TGFBR2_PIM1","TGFBR2","PIM1"
"COL8A1_PIM1","COL8A1","PIM1"
"RELA_MPO","RELA","MPO"
"MAP2K1_MPO","MAP2K1","MPO"
"PIK3R1_MPO","PIK3R1","MPO"
"PIK3R3_MPO","PIK3R3","MPO"
"JUP_MPO","JUP","MPO"
"CHUK_MPO","CHUK","MPO"
"PIK3CB_MPO","PIK3CB","MPO"
"MYC_MPO","MYC","MPO"
"FCGR1A_MPO","FCGR1A","MPO"
"FLT3_MPO","FLT3","MPO"
"ITGAM_MPO","ITGAM","MPO"
"TCF7L2_MPO","TCF7L2","MPO"
"LEF1_MPO","LEF1","MPO"
"CD14_MPO","CD14","MPO"
"KIT_MPO","KIT","MPO"
"RPS6KB2_MPO","RPS6KB2","MPO"
"ZBTB16_MPO","ZBTB16","MPO"
"MAP2K2_MPO","MAP2K2","MPO"
"SPI1_MPO","SPI1","MPO"
"P3R3URF.PIK3R3_MPO","P3R3URF.PIK3R3","MPO"
"SOS2_MPO","SOS2","MPO"
"CEBPE_MPO","CEBPE","MPO"
"BRAF_MPO","BRAF","MPO"
"CCND1_MPO","CCND1","MPO"
"PPARD_MPO","PPARD","MPO"
"NFKB1_MPO","NFKB1","MPO"
"STAT5B_MPO","STAT5B","MPO"
"EIF4EBP1_MPO","EIF4EBP1","MPO"
"GRB2_MPO","GRB2","MPO"
"IKBKB_MPO","IKBKB","MPO"
"IKBKG_MPO","IKBKG","MPO"
"AKT2_MPO","AKT2","MPO"
"STAT5A_MPO","STAT5A","MPO"
"HTRA1_MPO","HTRA1","MPO"
"DCBLD2_MPO","DCBLD2","MPO"
"ANXA2_MPO","ANXA2","MPO"
"MYH14_MPO","MYH14","MPO"
"COL4A1_MPO","COL4A1","MPO"
"ANO1_MPO","ANO1","MPO"
"TMEM98_MPO","TMEM98","MPO"
"COL8A1_MPO","COL8A1","MPO"
"EPCAM_MPO","EPCAM","MPO"
"RELA_STAT5B","RELA","STAT5B"
"MAPK1_STAT5B","MAPK1","STAT5B"
"CCNA2_STAT5B","CCNA2","STAT5B"
"MAP2K1_STAT5B","MAP2K1","STAT5B"
"PIK3R1_STAT5B","PIK3R1","STAT5B"
"MTOR_STAT5B","MTOR","STAT5B"
"PIK3R3_STAT5B","PIK3R3","STAT5B"
"JUP_STAT5B","JUP","STAT5B"
"PIK3R2_STAT5B","PIK3R2","STAT5B"
"CHUK_STAT5B","CHUK","STAT5B"
"PIK3CB_STAT5B","PIK3CB","STAT5B"
"MYC_STAT5B","MYC","STAT5B"
"FCGR1A_STAT5B","FCGR1A","STAT5B"
"FLT3_STAT5B","FLT3","STAT5B"
"ITGAM_STAT5B","ITGAM","STAT5B"
"TCF7L2_STAT5B","TCF7L2","STAT5B"
"LEF1_STAT5B","LEF1","STAT5B"
"CSF1R_STAT5B","CSF1R","STAT5B"
"CCNA1_STAT5B","CCNA1","STAT5B"
"KIT_STAT5B","KIT","STAT5B"
"DUSP6_STAT5B","DUSP6","STAT5B"
"RPS6KB2_STAT5B","RPS6KB2","STAT5B"
"ZBTB16_STAT5B","ZBTB16","STAT5B"
"MAP2K2_STAT5B","MAP2K2","STAT5B"
"P3R3URF.PIK3R3_STAT5B","P3R3URF.PIK3R3","STAT5B"
"SOS2_STAT5B","SOS2","STAT5B"
"CEBPE_STAT5B","CEBPE","STAT5B"
"BRAF_STAT5B","BRAF","STAT5B"
"CCND1_STAT5B","CCND1","STAT5B"
"PIK3CA_STAT5B","PIK3CA","STAT5B"
"PPARD_STAT5B","PPARD","STAT5B"
"RARA_STAT5B","RARA","STAT5B"
"PIM2_STAT5B","PIM2","STAT5B"
"NFKB1_STAT5B","NFKB1","STAT5B"
"PIM1_STAT5B","PIM1","STAT5B"
"MPO_STAT5B","MPO","STAT5B"
"EIF4EBP1_STAT5B","EIF4EBP1","STAT5B"
"GRB2_STAT5B","GRB2","STAT5B"
"IKBKB_STAT5B","IKBKB","STAT5B"
"IKBKG_STAT5B","IKBKG","STAT5B"
"STAT5A_STAT5B","STAT5A","STAT5B"
"HTRA1_STAT5B","HTRA1","STAT5B"
"DCBLD2_STAT5B","DCBLD2","STAT5B"
"IFITM3_STAT5B","IFITM3","STAT5B"
"ANXA2_STAT5B","ANXA2","STAT5B"
"F2RL1_STAT5B","F2RL1","STAT5B"
"BAK1_STAT5B","BAK1","STAT5B"
"MYH14_STAT5B","MYH14","STAT5B"
"ANO1_STAT5B","ANO1","STAT5B"
"GP1BA_STAT5B","GP1BA","STAT5B"
"TMEM98_STAT5B","TMEM98","STAT5B"
"TMC6_STAT5B","TMC6","STAT5B"
"VAV1_STAT5B","VAV1","STAT5B"
"COL8A1_STAT5B","COL8A1","STAT5B"
"EPCAM_STAT5B","EPCAM","STAT5B"
"RELA_EIF4EBP1","RELA","EIF4EBP1"
"MAPK1_EIF4EBP1","MAPK1","EIF4EBP1"
"CCNA2_EIF4EBP1","CCNA2","EIF4EBP1"
"MAP2K1_EIF4EBP1","MAP2K1","EIF4EBP1"
"PIK3R1_EIF4EBP1","PIK3R1","EIF4EBP1"
"MTOR_EIF4EBP1","MTOR","EIF4EBP1"
"PIK3R3_EIF4EBP1","PIK3R3","EIF4EBP1"
"PIK3R2_EIF4EBP1","PIK3R2","EIF4EBP1"
"CHUK_EIF4EBP1","CHUK","EIF4EBP1"
"PIK3CB_EIF4EBP1","PIK3CB","EIF4EBP1"
"MYC_EIF4EBP1","MYC","EIF4EBP1"
"FCGR1A_EIF4EBP1","FCGR1A","EIF4EBP1"
"FLT3_EIF4EBP1","FLT3","EIF4EBP1"
"ITGAM_EIF4EBP1","ITGAM","EIF4EBP1"
"AKT3_EIF4EBP1","AKT3","EIF4EBP1"
"LEF1_EIF4EBP1","LEF1","EIF4EBP1"
"CD14_EIF4EBP1","CD14","EIF4EBP1"
"CSF1R_EIF4EBP1","CSF1R","EIF4EBP1"
"KIT_EIF4EBP1","KIT","EIF4EBP1"
"RPS6KB2_EIF4EBP1","RPS6KB2","EIF4EBP1"
"ZBTB16_EIF4EBP1","ZBTB16","EIF4EBP1"
"MAP2K2_EIF4EBP1","MAP2K2","EIF4EBP1"
"SPI1_EIF4EBP1","SPI1","EIF4EBP1"
"SOS2_EIF4EBP1","SOS2","EIF4EBP1"
"CEBPE_EIF4EBP1","CEBPE","EIF4EBP1"
"BRAF_EIF4EBP1","BRAF","EIF4EBP1"
"CCND1_EIF4EBP1","CCND1","EIF4EBP1"
"PIK3CA_EIF4EBP1","PIK3CA","EIF4EBP1"
"PIK3CD_EIF4EBP1","PIK3CD","EIF4EBP1"
"PPARD_EIF4EBP1","PPARD","EIF4EBP1"
"PIM2_EIF4EBP1","PIM2","EIF4EBP1"
"MPO_EIF4EBP1","MPO","EIF4EBP1"
"STAT5B_EIF4EBP1","STAT5B","EIF4EBP1"
"GRB2_EIF4EBP1","GRB2","EIF4EBP1"
"IKBKB_EIF4EBP1","IKBKB","EIF4EBP1"
"IKBKG_EIF4EBP1","IKBKG","EIF4EBP1"
"AKT2_EIF4EBP1","AKT2","EIF4EBP1"
"STAT5A_EIF4EBP1","STAT5A","EIF4EBP1"
"DCBLD2_EIF4EBP1","DCBLD2","EIF4EBP1"
"IFITM3_EIF4EBP1","IFITM3","EIF4EBP1"
"F2RL1_EIF4EBP1","F2RL1","EIF4EBP1"
"MYH14_EIF4EBP1","MYH14","EIF4EBP1"
"COL4A1_EIF4EBP1","COL4A1","EIF4EBP1"
"GP1BA_EIF4EBP1","GP1BA","EIF4EBP1"
"VAV1_EIF4EBP1","VAV1","EIF4EBP1"
"TGFBR2_EIF4EBP1","TGFBR2","EIF4EBP1"
"COL8A1_EIF4EBP1","COL8A1","EIF4EBP1"
"EPCAM_EIF4EBP1","EPCAM","EIF4EBP1"
"RELA_GRB2","RELA","GRB2"
"CCNA2_GRB2","CCNA2","GRB2"
"MAP2K1_GRB2","MAP2K1","GRB2"
"PIK3R1_GRB2","PIK3R1","GRB2"
"MTOR_GRB2","MTOR","GRB2"
"PIK3R3_GRB2","PIK3R3","GRB2"
"JUP_GRB2","JUP","GRB2"
"RUNX1T1_GRB2","RUNX1T1","GRB2"
"PIK3R2_GRB2","PIK3R2","GRB2"
"CHUK_GRB2","CHUK","GRB2"
"MYC_GRB2","MYC","GRB2"
"FCGR1A_GRB2","FCGR1A","GRB2"
"TCF7L2_GRB2","TCF7L2","GRB2"
"AKT3_GRB2","AKT3","GRB2"
"LEF1_GRB2","LEF1","GRB2"
"CD14_GRB2","CD14","GRB2"
"CCNA1_GRB2","CCNA1","GRB2"
"KIT_GRB2","KIT","GRB2"
"DUSP6_GRB2","DUSP6","GRB2"
"ZBTB16_GRB2","ZBTB16","GRB2"
"MAP2K2_GRB2","MAP2K2","GRB2"
"SPI1_GRB2","SPI1","GRB2"
"P3R3URF.PIK3R3_GRB2","P3R3URF.PIK3R3","GRB2"
"SOS2_GRB2","SOS2","GRB2"
"BRAF_GRB2","BRAF","GRB2"
"CCND1_GRB2","CCND1","GRB2"
"PIK3CA_GRB2","PIK3CA","GRB2"
"PIK3CD_GRB2","PIK3CD","GRB2"
"PPARD_GRB2","PPARD","GRB2"
"PIM2_GRB2","PIM2","GRB2"
"NFKB1_GRB2","NFKB1","GRB2"
"PIM1_GRB2","PIM1","GRB2"
"MPO_GRB2","MPO","GRB2"
"IKBKB_GRB2","IKBKB","GRB2"
"IKBKG_GRB2","IKBKG","GRB2"
"AKT2_GRB2","AKT2","GRB2"
"STAT5A_GRB2","STAT5A","GRB2"
"HTRA1_GRB2","HTRA1","GRB2"
"DCBLD2_GRB2","DCBLD2","GRB2"
"ANXA2_GRB2","ANXA2","GRB2"
"F2RL1_GRB2","F2RL1","GRB2"
"COL4A1_GRB2","COL4A1","GRB2"
"ANO1_GRB2","ANO1","GRB2"
"GP1BA_GRB2","GP1BA","GRB2"
"TMEM98_GRB2","TMEM98","GRB2"
"TMC6_GRB2","TMC6","GRB2"
"TGFBR2_GRB2","TGFBR2","GRB2"
"COL8A1_GRB2","COL8A1","GRB2"
"RELA_IKBKB","RELA","IKBKB"
"CCNA2_IKBKB","CCNA2","IKBKB"
"MAP2K1_IKBKB","MAP2K1","IKBKB"
"PIK3R1_IKBKB","PIK3R1","IKBKB"
"MTOR_IKBKB","MTOR","IKBKB"
"JUP_IKBKB","JUP","IKBKB"
"RUNX1T1_IKBKB","RUNX1T1","IKBKB"
"CHUK_IKBKB","CHUK","IKBKB"
"PIK3CB_IKBKB","PIK3CB","IKBKB"
"FLT3_IKBKB","FLT3","IKBKB"
"ITGAM_IKBKB","ITGAM","IKBKB"
"TCF7L2_IKBKB","TCF7L2","IKBKB"
"AKT3_IKBKB","AKT3","IKBKB"
"LEF1_IKBKB","LEF1","IKBKB"
"CSF1R_IKBKB","CSF1R","IKBKB"
"DUSP6_IKBKB","DUSP6","IKBKB"
"RPS6KB2_IKBKB","RPS6KB2","IKBKB"
"MAP2K2_IKBKB","MAP2K2","IKBKB"
"SPI1_IKBKB","SPI1","IKBKB"
"P3R3URF.PIK3R3_IKBKB","P3R3URF.PIK3R3","IKBKB"
"SOS2_IKBKB","SOS2","IKBKB"
"BRAF_IKBKB","BRAF","IKBKB"
"CCND1_IKBKB","CCND1","IKBKB"
"PIK3CD_IKBKB","PIK3CD","IKBKB"
"PPARD_IKBKB","PPARD","IKBKB"
"PIM1_IKBKB","PIM1","IKBKB"
"MPO_IKBKB","MPO","IKBKB"
"STAT5B_IKBKB","STAT5B","IKBKB"
"GRB2_IKBKB","GRB2","IKBKB"
"IKBKG_IKBKB","IKBKG","IKBKB"
"AKT2_IKBKB","AKT2","IKBKB"
"STAT5A_IKBKB","STAT5A","IKBKB"
"DCBLD2_IKBKB","DCBLD2","IKBKB"
"IFITM3_IKBKB","IFITM3","IKBKB"
"BAK1_IKBKB","BAK1","IKBKB"
"MYH14_IKBKB","MYH14","IKBKB"
"ANO1_IKBKB","ANO1","IKBKB"
"TMEM98_IKBKB","TMEM98","IKBKB"
"VAV1_IKBKB","VAV1","IKBKB"
"TGFBR2_IKBKB","TGFBR2","IKBKB"
"COL8A1_IKBKB","COL8A1","IKBKB"
"EPCAM_IKBKB","EPCAM","IKBKB"
"RELA_IKBKG","RELA","IKBKG"
"MAPK1_IKBKG","MAPK1","IKBKG"
"CCNA2_IKBKG","CCNA2","IKBKG"
"PIK3R1_IKBKG","PIK3R1","IKBKG"
"MTOR_IKBKG","MTOR","IKBKG"
"PIK3R3_IKBKG","PIK3R3","IKBKG"
"JUP_IKBKG","JUP","IKBKG"
"PIK3R2_IKBKG","PIK3R2","IKBKG"
"CHUK_IKBKG","CHUK","IKBKG"
"PIK3CB_IKBKG","PIK3CB","IKBKG"
"MYC_IKBKG","MYC","IKBKG"
"FLT3_IKBKG","FLT3","IKBKG"
"TCF7L2_IKBKG","TCF7L2","IKBKG"
"AKT3_IKBKG","AKT3","IKBKG"
"LEF1_IKBKG","LEF1","IKBKG"
"CD14_IKBKG","CD14","IKBKG"
"CSF1R_IKBKG","CSF1R","IKBKG"
"CCNA1_IKBKG","CCNA1","IKBKG"
"KIT_IKBKG","KIT","IKBKG"
"DUSP6_IKBKG","DUSP6","IKBKG"
"RPS6KB2_IKBKG","RPS6KB2","IKBKG"
"ZBTB16_IKBKG","ZBTB16","IKBKG"
"SPI1_IKBKG","SPI1","IKBKG"
"P3R3URF.PIK3R3_IKBKG","P3R3URF.PIK3R3","IKBKG"
"CEBPE_IKBKG","CEBPE","IKBKG"
"CCND1_IKBKG","CCND1","IKBKG"
"PIK3CA_IKBKG","PIK3CA","IKBKG"
"PIK3CD_IKBKG","PIK3CD","IKBKG"
"PPARD_IKBKG","PPARD","IKBKG"
"RARA_IKBKG","RARA","IKBKG"
"PIM2_IKBKG","PIM2","IKBKG"
"NFKB1_IKBKG","NFKB1","IKBKG"
"PIM1_IKBKG","PIM1","IKBKG"
"MPO_IKBKG","MPO","IKBKG"
"STAT5B_IKBKG","STAT5B","IKBKG"
"EIF4EBP1_IKBKG","EIF4EBP1","IKBKG"
"AKT2_IKBKG","AKT2","IKBKG"
"STAT5A_IKBKG","STAT5A","IKBKG"
"DCBLD2_IKBKG","DCBLD2","IKBKG"
"ANXA2_IKBKG","ANXA2","IKBKG"
"F2RL1_IKBKG","F2RL1","IKBKG"
"BAK1_IKBKG","BAK1","IKBKG"
"MYH14_IKBKG","MYH14","IKBKG"
"COL4A1_IKBKG","COL4A1","IKBKG"
"ANO1_IKBKG","ANO1","IKBKG"
"GP1BA_IKBKG","GP1BA","IKBKG"
"TMEM98_IKBKG","TMEM98","IKBKG"
"TMC6_IKBKG","TMC6","IKBKG"
"TGFBR2_IKBKG","TGFBR2","IKBKG"
"COL8A1_IKBKG","COL8A1","IKBKG"
"EPCAM_IKBKG","EPCAM","IKBKG"
"RELA_AKT2","RELA","AKT2"
"MAPK1_AKT2","MAPK1","AKT2"
"CCNA2_AKT2","CCNA2","AKT2"
"PIK3R1_AKT2","PIK3R1","AKT2"
"MTOR_AKT2","MTOR","AKT2"
"PIK3R3_AKT2","PIK3R3","AKT2"
"RUNX1T1_AKT2","RUNX1T1","AKT2"
"PIK3R2_AKT2","PIK3R2","AKT2"
"CHUK_AKT2","CHUK","AKT2"
"PIK3CB_AKT2","PIK3CB","AKT2"
"MYC_AKT2","MYC","AKT2"
"FCGR1A_AKT2","FCGR1A","AKT2"
"ITGAM_AKT2","ITGAM","AKT2"
"TCF7L2_AKT2","TCF7L2","AKT2"
"KIT_AKT2","KIT","AKT2"
"DUSP6_AKT2","DUSP6","AKT2"
"RPS6KB2_AKT2","RPS6KB2","AKT2"
"ZBTB16_AKT2","ZBTB16","AKT2"
"MAP2K2_AKT2","MAP2K2","AKT2"
"P3R3URF.PIK3R3_AKT2","P3R3URF.PIK3R3","AKT2"
"SOS2_AKT2","SOS2","AKT2"
"BRAF_AKT2","BRAF","AKT2"
"CCND1_AKT2","CCND1","AKT2"
"PIK3CD_AKT2","PIK3CD","AKT2"
"PPARD_AKT2","PPARD","AKT2"
"RARA_AKT2","RARA","AKT2"
"PIM2_AKT2","PIM2","AKT2"
"NFKB1_AKT2","NFKB1","AKT2"
"PIM1_AKT2","PIM1","AKT2"
"EIF4EBP1_AKT2","EIF4EBP1","AKT2"
"GRB2_AKT2","GRB2","AKT2"
"IKBKB_AKT2","IKBKB","AKT2"
"IKBKG_AKT2","IKBKG","AKT2"
"STAT5A_AKT2","STAT5A","AKT2"
"DCBLD2_AKT2","DCBLD2","AKT2"
"F2RL1_AKT2","F2RL1","AKT2"
"BAK1_AKT2","BAK1","AKT2"
"MYH14_AKT2","MYH14","AKT2"
"COL4A1_AKT2","COL4A1","AKT2"
"GP1BA_AKT2","GP1BA","AKT2"
"TMEM98_AKT2","TMEM98","AKT2"
"TMC6_AKT2","TMC6","AKT2"
"VAV1_AKT2","VAV1","AKT2"
"TGFBR2_AKT2","TGFBR2","AKT2"
"COL8A1_AKT2","COL8A1","AKT2"
"EPCAM_AKT2","EPCAM","AKT2"
"RELA_STAT5A","RELA","STAT5A"
"PIK3R1_STAT5A","PIK3R1","STAT5A"
"MTOR_STAT5A","MTOR","STAT5A"
"JUP_STAT5A","JUP","STAT5A"
"RUNX1T1_STAT5A","RUNX1T1","STAT5A"
"PIK3R2_STAT5A","PIK3R2","STAT5A"
"CHUK_STAT5A","CHUK","STAT5A"
"PIK3CB_STAT5A","PIK3CB","STAT5A"
"MYC_STAT5A","MYC","STAT5A"
"FCGR1A_STAT5A","FCGR1A","STAT5A"
"FLT3_STAT5A","FLT3","STAT5A"
"ITGAM_STAT5A","ITGAM","STAT5A"
"TCF7L2_STAT5A","TCF7L2","STAT5A"
"AKT3_STAT5A","AKT3","STAT5A"
"LEF1_STAT5A","LEF1","STAT5A"
"CD14_STAT5A","CD14","STAT5A"
"CSF1R_STAT5A","CSF1R","STAT5A"
"KIT_STAT5A","KIT","STAT5A"
"DUSP6_STAT5A","DUSP6","STAT5A"
"RPS6KB2_STAT5A","RPS6KB2","STAT5A"
"ZBTB16_STAT5A","ZBTB16","STAT5A"
"SPI1_STAT5A","SPI1","STAT5A"
"P3R3URF.PIK3R3_STAT5A","P3R3URF.PIK3R3","STAT5A"
"SOS2_STAT5A","SOS2","STAT5A"
"CEBPE_STAT5A","CEBPE","STAT5A"
"BRAF_STAT5A","BRAF","STAT5A"
"CCND1_STAT5A","CCND1","STAT5A"
"PIK3CD_STAT5A","PIK3CD","STAT5A"
"PPARD_STAT5A","PPARD","STAT5A"
"RARA_STAT5A","RARA","STAT5A"
"PIM2_STAT5A","PIM2","STAT5A"
"NFKB1_STAT5A","NFKB1","STAT5A"
"MPO_STAT5A","MPO","STAT5A"
"EIF4EBP1_STAT5A","EIF4EBP1","STAT5A"
"GRB2_STAT5A","GRB2","STAT5A"
"HTRA1_STAT5A","HTRA1","STAT5A"
"DCBLD2_STAT5A","DCBLD2","STAT5A"
"ANXA2_STAT5A","ANXA2","STAT5A"
"F2RL1_STAT5A","F2RL1","STAT5A"
"BAK1_STAT5A","BAK1","STAT5A"
"COL4A1_STAT5A","COL4A1","STAT5A"
"ANO1_STAT5A","ANO1","STAT5A"
"TMC6_STAT5A","TMC6","STAT5A"
"TGFBR2_STAT5A","TGFBR2","STAT5A"
"RELA_HTRA1","RELA","HTRA1"
"MAPK1_HTRA1","MAPK1","HTRA1"
"CCNA2_HTRA1","CCNA2","HTRA1"
"PIK3R1_HTRA1","PIK3R1","HTRA1"
"MTOR_HTRA1","MTOR","HTRA1"
"PIK3R3_HTRA1","PIK3R3","HTRA1"
"RUNX1T1_HTRA1","RUNX1T1","HTRA1"
"PIK3R2_HTRA1","PIK3R2","HTRA1"
"PIK3CB_HTRA1","PIK3CB","HTRA1"
"MYC_HTRA1","MYC","HTRA1"
"FCGR1A_HTRA1","FCGR1A","HTRA1"
"FLT3_HTRA1","FLT3","HTRA1"
"ITGAM_HTRA1","ITGAM","HTRA1"
"TCF7L2_HTRA1","TCF7L2","HTRA1"
"CD14_HTRA1","CD14","HTRA1"
"CSF1R_HTRA1","CSF1R","HTRA1"
"CCNA1_HTRA1","CCNA1","HTRA1"
"DUSP6_HTRA1","DUSP6","HTRA1"
"ZBTB16_HTRA1","ZBTB16","HTRA1"
"MAP2K2_HTRA1","MAP2K2","HTRA1"
"SPI1_HTRA1","SPI1","HTRA1"
"SOS2_HTRA1","SOS2","HTRA1"
"CEBPE_HTRA1","CEBPE","HTRA1"
"BRAF_HTRA1","BRAF","HTRA1"
"PIK3CA_HTRA1","PIK3CA","HTRA1"
"PPARD_HTRA1","PPARD","HTRA1"
"RARA_HTRA1","RARA","HTRA1"
"PIM2_HTRA1","PIM2","HTRA1"
"NFKB1_HTRA1","NFKB1","HTRA1"
"PIM1_HTRA1","PIM1","HTRA1"
"MPO_HTRA1","MPO","HTRA1"
"STAT5B_HTRA1","STAT5B","HTRA1"
"IKBKB_HTRA1","IKBKB","HTRA1"
"IKBKG_HTRA1","IKBKG","HTRA1"
"AKT2_HTRA1","AKT2","HTRA1"
"STAT5A_HTRA1","STAT5A","HTRA1"
"DCBLD2_HTRA1","DCBLD2","HTRA1"
"IFITM3_HTRA1","IFITM3","HTRA1"
"ANXA2_HTRA1","ANXA2","HTRA1"
"F2RL1_HTRA1","F2RL1","HTRA1"
"BAK1_HTRA1","BAK1","HTRA1"
"MYH14_HTRA1","MYH14","HTRA1"
"COL4A1_HTRA1","COL4A1","HTRA1"
"GP1BA_HTRA1","GP1BA","HTRA1"
"TMEM98_HTRA1","TMEM98","HTRA1"
"TMC6_HTRA1","TMC6","HTRA1"
"VAV1_HTRA1","VAV1","HTRA1"
"TGFBR2_HTRA1","TGFBR2","HTRA1"
"COL8A1_HTRA1","COL8A1","HTRA1"
"EPCAM_HTRA1","EPCAM","HTRA1"
"RELA_DCBLD2","RELA","DCBLD2"
"MAPK1_DCBLD2","MAPK1","DCBLD2"
"CCNA2_DCBLD2","CCNA2","DCBLD2"
"MAP2K1_DCBLD2","MAP2K1","DCBLD2"
"PIK3R3_DCBLD2","PIK3R3","DCBLD2"
"JUP_DCBLD2","JUP","DCBLD2"
"CHUK_DCBLD2","CHUK","DCBLD2"
"PIK3CB_DCBLD2","PIK3CB","DCBLD2"
"MYC_DCBLD2","MYC","DCBLD2"
"FLT3_DCBLD2","FLT3","DCBLD2"
"ITGAM_DCBLD2","ITGAM","DCBLD2"
"AKT3_DCBLD2","AKT3","DCBLD2"
"KIT_DCBLD2","KIT","DCBLD2"
"RPS6KB2_DCBLD2","RPS6KB2","DCBLD2"
"ZBTB16_DCBLD2","ZBTB16","DCBLD2"
"MAP2K2_DCBLD2","MAP2K2","DCBLD2"
"SPI1_DCBLD2","SPI1","DCBLD2"
"SOS2_DCBLD2","SOS2","DCBLD2"
"CEBPE_DCBLD2","CEBPE","DCBLD2"
"CCND1_DCBLD2","CCND1","DCBLD2"
"PIK3CA_DCBLD2","PIK3CA","DCBLD2"
"PIM1_DCBLD2","PIM1","DCBLD2"
"STAT5B_DCBLD2","STAT5B","DCBLD2"
"EIF4EBP1_DCBLD2","EIF4EBP1","DCBLD2"
"GRB2_DCBLD2","GRB2","DCBLD2"
"IKBKB_DCBLD2","IKBKB","DCBLD2"
"IKBKG_DCBLD2","IKBKG","DCBLD2"
"STAT5A_DCBLD2","STAT5A","DCBLD2"
"HTRA1_DCBLD2","HTRA1","DCBLD2"
"IFITM3_DCBLD2","IFITM3","DCBLD2"
"ANXA2_DCBLD2","ANXA2","DCBLD2"
"F2RL1_DCBLD2","F2RL1","DCBLD2"
"MYH14_DCBLD2","MYH14","DCBLD2"
"COL4A1_DCBLD2","COL4A1","DCBLD2"
"ANO1_DCBLD2","ANO1","DCBLD2"
"GP1BA_DCBLD2","GP1BA","DCBLD2"
"TMC6_DCBLD2","TMC6","DCBLD2"
"VAV1_DCBLD2","VAV1","DCBLD2"
"TGFBR2_DCBLD2","TGFBR2","DCBLD2"
"RELA_IFITM3","RELA","IFITM3"
"MAPK1_IFITM3","MAPK1","IFITM3"
"CCNA2_IFITM3","CCNA2","IFITM3"
"MAP2K1_IFITM3","MAP2K1","IFITM3"
"PIK3R1_IFITM3","PIK3R1","IFITM3"
"MTOR_IFITM3","MTOR","IFITM3"
"PIK3R3_IFITM3","PIK3R3","IFITM3"
"JUP_IFITM3","JUP","IFITM3"
"RUNX1T1_IFITM3","RUNX1T1","IFITM3"
"PIK3CB_IFITM3","PIK3CB","IFITM3"
"MYC_IFITM3","MYC","IFITM3"
"FCGR1A_IFITM3","FCGR1A","IFITM3"
"FLT3_IFITM3","FLT3","IFITM3"
"ITGAM_IFITM3","ITGAM","IFITM3"
"TCF7L2_IFITM3","TCF7L2","IFITM3"
"AKT3_IFITM3","AKT3","IFITM3"
"LEF1_IFITM3","LEF1","IFITM3"
"CSF1R_IFITM3","CSF1R","IFITM3"
"CCNA1_IFITM3","CCNA1","IFITM3"
"KIT_IFITM3","KIT","IFITM3"
"DUSP6_IFITM3","DUSP6","IFITM3"
"RPS6KB2_IFITM3","RPS6KB2","IFITM3"
"MAP2K2_IFITM3","MAP2K2","IFITM3"
"SPI1_IFITM3","SPI1","IFITM3"
"SOS2_IFITM3","SOS2","IFITM3"
"CEBPE_IFITM3","CEBPE","IFITM3"
"BRAF_IFITM3","BRAF","IFITM3"
"CCND1_IFITM3","CCND1","IFITM3"
"PPARD_IFITM3","PPARD","IFITM3"
"RARA_IFITM3","RARA","IFITM3"
"PIM2_IFITM3","PIM2","IFITM3"
"NFKB1_IFITM3","NFKB1","IFITM3"
"PIM1_IFITM3","PIM1","IFITM3"
"MPO_IFITM3","MPO","IFITM3"
"STAT5B_IFITM3","STAT5B","IFITM3"
"GRB2_IFITM3","GRB2","IFITM3"
"IKBKB_IFITM3","IKBKB","IFITM3"
"IKBKG_IFITM3","IKBKG","IFITM3"
"AKT2_IFITM3","AKT2","IFITM3"
"STAT5A_IFITM3","STAT5A","IFITM3"
"HTRA1_IFITM3","HTRA1","IFITM3"
"DCBLD2_IFITM3","DCBLD2","IFITM3"
"ANXA2_IFITM3","ANXA2","IFITM3"
"BAK1_IFITM3","BAK1","IFITM3"
"MYH14_IFITM3","MYH14","IFITM3"
"COL4A1_IFITM3","COL4A1","IFITM3"
"ANO1_IFITM3","ANO1","IFITM3"
"GP1BA_IFITM3","GP1BA","IFITM3"
"TMEM98_IFITM3","TMEM98","IFITM3"
"TMC6_IFITM3","TMC6","IFITM3"
"VAV1_IFITM3","VAV1","IFITM3"
"TGFBR2_IFITM3","TGFBR2","IFITM3"
"COL8A1_IFITM3","COL8A1","IFITM3"
"EPCAM_IFITM3","EPCAM","IFITM3"
"RELA_ANXA2","RELA","ANXA2"
"MAPK1_ANXA2","MAPK1","ANXA2"
"MAP2K1_ANXA2","MAP2K1","ANXA2"
"PIK3R1_ANXA2","PIK3R1","ANXA2"
"MTOR_ANXA2","MTOR","ANXA2"
"PIK3R3_ANXA2","PIK3R3","ANXA2"
"JUP_ANXA2","JUP","ANXA2"
"RUNX1T1_ANXA2","RUNX1T1","ANXA2"
"PIK3R2_ANXA2","PIK3R2","ANXA2"
"CHUK_ANXA2","CHUK","ANXA2"
"PIK3CB_ANXA2","PIK3CB","ANXA2"
"MYC_ANXA2","MYC","ANXA2"
"FCGR1A_ANXA2","FCGR1A","ANXA2"
"FLT3_ANXA2","FLT3","ANXA2"
"ITGAM_ANXA2","ITGAM","ANXA2"
"TCF7L2_ANXA2","TCF7L2","ANXA2"
"AKT3_ANXA2","AKT3","ANXA2"
"LEF1_ANXA2","LEF1","ANXA2"
"CD14_ANXA2","CD14","ANXA2"
"CSF1R_ANXA2","CSF1R","ANXA2"
"CCNA1_ANXA2","CCNA1","ANXA2"
"KIT_ANXA2","KIT","ANXA2"
"DUSP6_ANXA2","DUSP6","ANXA2"
"RPS6KB2_ANXA2","RPS6KB2","ANXA2"
"ZBTB16_ANXA2","ZBTB16","ANXA2"
"MAP2K2_ANXA2","MAP2K2","ANXA2"
"SPI1_ANXA2","SPI1","ANXA2"
"P3R3URF.PIK3R3_ANXA2","P3R3URF.PIK3R3","ANXA2"
"SOS2_ANXA2","SOS2","ANXA2"
"CEBPE_ANXA2","CEBPE","ANXA2"
"BRAF_ANXA2","BRAF","ANXA2"
"CCND1_ANXA2","CCND1","ANXA2"
"PIK3CA_ANXA2","PIK3CA","ANXA2"
"PIK3CD_ANXA2","PIK3CD","ANXA2"
"PPARD_ANXA2","PPARD","ANXA2"
"RARA_ANXA2","RARA","ANXA2"
"PIM2_ANXA2","PIM2","ANXA2"
"NFKB1_ANXA2","NFKB1","ANXA2"
"PIM1_ANXA2","PIM1","ANXA2"
"MPO_ANXA2","MPO","ANXA2"
"STAT5B_ANXA2","STAT5B","ANXA2"
"EIF4EBP1_ANXA2","EIF4EBP1","ANXA2"
"GRB2_ANXA2","GRB2","ANXA2"
"IKBKB_ANXA2","IKBKB","ANXA2"
"IKBKG_ANXA2","IKBKG","ANXA2"
"STAT5A_ANXA2","STAT5A","ANXA2"
"HTRA1_ANXA2","HTRA1","ANXA2"
"DCBLD2_ANXA2","DCBLD2","ANXA2"
"IFITM3_ANXA2","IFITM3","ANXA2"
"F2RL1_ANXA2","F2RL1","ANXA2"
"BAK1_ANXA2","BAK1","ANXA2"
"MYH14_ANXA2","MYH14","ANXA2"
"COL4A1_ANXA2","COL4A1","ANXA2"
"ANO1_ANXA2","ANO1","ANXA2"
"GP1BA_ANXA2","GP1BA","ANXA2"
"TMEM98_ANXA2","TMEM98","ANXA2"
"TMC6_ANXA2","TMC6","ANXA2"
"VAV1_ANXA2","VAV1","ANXA2"
"TGFBR2_ANXA2","TGFBR2","ANXA2"
"COL8A1_ANXA2","COL8A1","ANXA2"
"EPCAM_ANXA2","EPCAM","ANXA2"
"RELA_F2RL1","RELA","F2RL1"
"CCNA2_F2RL1","CCNA2","F2RL1"
"PIK3R1_F2RL1","PIK3R1","F2RL1"
"MTOR_F2RL1","MTOR","F2RL1"
"RUNX1T1_F2RL1","RUNX1T1","F2RL1"
"PIK3R2_F2RL1","PIK3R2","F2RL1"
"CHUK_F2RL1","CHUK","F2RL1"
"PIK3CB_F2RL1","PIK3CB","F2RL1"
"MYC_F2RL1","MYC","F2RL1"
"FLT3_F2RL1","FLT3","F2RL1"
"ITGAM_F2RL1","ITGAM","F2RL1"
"TCF7L2_F2RL1","TCF7L2","F2RL1"
"LEF1_F2RL1","LEF1","F2RL1"
"CD14_F2RL1","CD14","F2RL1"
"CSF1R_F2RL1","CSF1R","F2RL1"
"CCNA1_F2RL1","CCNA1","F2RL1"
"KIT_F2RL1","KIT","F2RL1"
"ZBTB16_F2RL1","ZBTB16","F2RL1"
"P3R3URF.PIK3R3_F2RL1","P3R3URF.PIK3R3","F2RL1"
"SOS2_F2RL1","SOS2","F2RL1"
"BRAF_F2RL1","BRAF","F2RL1"
"CCND1_F2RL1","CCND1","F2RL1"
"PIK3CA_F2RL1","PIK3CA","F2RL1"
"PIK3CD_F2RL1","PIK3CD","F2RL1"
"PPARD_F2RL1","PPARD","F2RL1"
"RARA_F2RL1","RARA","F2RL1"
"NFKB1_F2RL1","NFKB1","F2RL1"
"MPO_F2RL1","MPO","F2RL1"
"STAT5B_F2RL1","STAT5B","F2RL1"
"EIF4EBP1_F2RL1","EIF4EBP1","F2RL1"
"GRB2_F2RL1","GRB2","F2RL1"
"IKBKB_F2RL1","IKBKB","F2RL1"
"IKBKG_F2RL1","IKBKG","F2RL1"
"STAT5A_F2RL1","STAT5A","F2RL1"
"HTRA1_F2RL1","HTRA1","F2RL1"
"DCBLD2_F2RL1","DCBLD2","F2RL1"
"ANXA2_F2RL1","ANXA2","F2RL1"
"MYH14_F2RL1","MYH14","F2RL1"
"COL4A1_F2RL1","COL4A1","F2RL1"
"ANO1_F2RL1","ANO1","F2RL1"
"GP1BA_F2RL1","GP1BA","F2RL1"
"TMEM98_F2RL1","TMEM98","F2RL1"
"VAV1_F2RL1","VAV1","F2RL1"
"TGFBR2_F2RL1","TGFBR2","F2RL1"
"COL8A1_F2RL1","COL8A1","F2RL1"
"EPCAM_F2RL1","EPCAM","F2RL1"
"RELA_BAK1","RELA","BAK1"
"MAPK1_BAK1","MAPK1","BAK1"
"CCNA2_BAK1","CCNA2","BAK1"
"PIK3R1_BAK1","PIK3R1","BAK1"
"MTOR_BAK1","MTOR","BAK1"
"PIK3R3_BAK1","PIK3R3","BAK1"
"PIK3R2_BAK1","PIK3R2","BAK1"
"CHUK_BAK1","CHUK","BAK1"
"MYC_BAK1","MYC","BAK1"
"FCGR1A_BAK1","FCGR1A","BAK1"
"TCF7L2_BAK1","TCF7L2","BAK1"
"AKT3_BAK1","AKT3","BAK1"
"LEF1_BAK1","LEF1","BAK1"
"CD14_BAK1","CD14","BAK1"
"CSF1R_BAK1","CSF1R","BAK1"
"CCNA1_BAK1","CCNA1","BAK1"
"KIT_BAK1","KIT","BAK1"
"DUSP6_BAK1","DUSP6","BAK1"
"MAP2K2_BAK1","MAP2K2","BAK1"
"SPI1_BAK1","SPI1","BAK1"
"P3R3URF.PIK3R3_BAK1","P3R3URF.PIK3R3","BAK1"
"SOS2_BAK1","SOS2","BAK1"
"CEBPE_BAK1","CEBPE","BAK1"
"BRAF_BAK1","BRAF","BAK1"
"CCND1_BAK1","CCND1","BAK1"
"PIK3CA_BAK1","PIK3CA","BAK1"
"PIK3CD_BAK1","PIK3CD","BAK1"
"PIM2_BAK1","PIM2","BAK1"
"NFKB1_BAK1","NFKB1","BAK1"
"PIM1_BAK1","PIM1","BAK1"
"MPO_BAK1","MPO","BAK1"
"STAT5B_BAK1","STAT5B","BAK1"
"EIF4EBP1_BAK1","EIF4EBP1","BAK1"
"GRB2_BAK1","GRB2","BAK1"
"IKBKB_BAK1","IKBKB","BAK1"
"IKBKG_BAK1","IKBKG","BAK1"
"AKT2_BAK1","AKT2","BAK1"
"STAT5A_BAK1","STAT5A","BAK1"
"HTRA1_BAK1","HTRA1","BAK1"
"DCBLD2_BAK1","DCBLD2","BAK1"
"IFITM3_BAK1","IFITM3","BAK1"
"ANXA2_BAK1","ANXA2","BAK1"
"F2RL1_BAK1","F2RL1","BAK1"
"MYH14_BAK1","MYH14","BAK1"
"COL4A1_BAK1","COL4A1","BAK1"
"ANO1_BAK1","ANO1","BAK1"
"GP1BA_BAK1","GP1BA","BAK1"
"TMEM98_BAK1","TMEM98","BAK1"
"TMC6_BAK1","TMC6","BAK1"
"VAV1_BAK1","VAV1","BAK1"
"TGFBR2_BAK1","TGFBR2","BAK1"
"COL8A1_BAK1","COL8A1","BAK1"
"EPCAM_BAK1","EPCAM","BAK1"
"CCNA2_MYH14","CCNA2","MYH14"
"RUNX1T1_MYH14","RUNX1T1","MYH14"
"FCGR1A_MYH14","FCGR1A","MYH14"
"ITGAM_MYH14","ITGAM","MYH14"
"TCF7L2_MYH14","TCF7L2","MYH14"
"CSF1R_MYH14","CSF1R","MYH14"
"KIT_MYH14","KIT","MYH14"
"SOS2_MYH14","SOS2","MYH14"
"CCND1_MYH14","CCND1","MYH14"
"PIK3CD_MYH14","PIK3CD","MYH14"
"STAT5B_MYH14","STAT5B","MYH14"
"GRB2_MYH14","GRB2","MYH14"
"IKBKB_MYH14","IKBKB","MYH14"
"DCBLD2_MYH14","DCBLD2","MYH14"
"IFITM3_MYH14","IFITM3","MYH14"
"COL4A1_MYH14","COL4A1","MYH14"
"TMEM98_MYH14","TMEM98","MYH14"
"VAV1_MYH14","VAV1","MYH14"
"RELA_COL4A1","RELA","COL4A1"
"CCNA2_COL4A1","CCNA2","COL4A1"
"PIK3R1_COL4A1","PIK3R1","COL4A1"
"MTOR_COL4A1","MTOR","COL4A1"
"JUP_COL4A1","JUP","COL4A1"
"RUNX1T1_COL4A1","RUNX1T1","COL4A1"
"PIK3R2_COL4A1","PIK3R2","COL4A1"
"CHUK_COL4A1","CHUK","COL4A1"
"PIK3CB_COL4A1","PIK3CB","COL4A1"
"MYC_COL4A1","MYC","COL4A1"
"FCGR1A_COL4A1","FCGR1A","COL4A1"
"FLT3_COL4A1","FLT3","COL4A1"
"ITGAM_COL4A1","ITGAM","COL4A1"
"AKT3_COL4A1","AKT3","COL4A1"
"LEF1_COL4A1","LEF1","COL4A1"
"CCNA1_COL4A1","CCNA1","COL4A1"
"RPS6KB2_COL4A1","RPS6KB2","COL4A1"
"ZBTB16_COL4A1","ZBTB16","COL4A1"
"MAP2K2_COL4A1","MAP2K2","COL4A1"
"SOS2_COL4A1","SOS2","COL4A1"
"CEBPE_COL4A1","CEBPE","COL4A1"
"BRAF_COL4A1","BRAF","COL4A1"
"CCND1_COL4A1","CCND1","COL4A1"
"PIK3CD_COL4A1","PIK3CD","COL4A1"
"RARA_COL4A1","RARA","COL4A1"
"PIM2_COL4A1","PIM2","COL4A1"
"EIF4EBP1_COL4A1","EIF4EBP1","COL4A1"
"GRB2_COL4A1","GRB2","COL4A1"
"IKBKG_COL4A1","IKBKG","COL4A1"
"AKT2_COL4A1","AKT2","COL4A1"
"HTRA1_COL4A1","HTRA1","COL4A1"
"DCBLD2_COL4A1","DCBLD2","COL4A1"
"IFITM3_COL4A1","IFITM3","COL4A1"
"BAK1_COL4A1","BAK1","COL4A1"
"MYH14_COL4A1","MYH14","COL4A1"
"ANO1_COL4A1","ANO1","COL4A1"
"GP1BA_COL4A1","GP1BA","COL4A1"
"TMEM98_COL4A1","TMEM98","COL4A1"
"TMC6_COL4A1","TMC6","COL4A1"
"VAV1_COL4A1","VAV1","COL4A1"
"TGFBR2_COL4A1","TGFBR2","COL4A1"
"COL8A1_COL4A1","COL8A1","COL4A1"
"EPCAM_COL4A1","EPCAM","COL4A1"
"MAPK1_ANO1","MAPK1","ANO1"
"CCNA2_ANO1","CCNA2","ANO1"
"MAP2K1_ANO1","MAP2K1","ANO1"
"MTOR_ANO1","MTOR","ANO1"
"JUP_ANO1","JUP","ANO1"
"RUNX1T1_ANO1","RUNX1T1","ANO1"
"PIK3R2_ANO1","PIK3R2","ANO1"
"CHUK_ANO1","CHUK","ANO1"
"PIK3CB_ANO1","PIK3CB","ANO1"
"FCGR1A_ANO1","FCGR1A","ANO1"
"FLT3_ANO1","FLT3","ANO1"
"ITGAM_ANO1","ITGAM","ANO1"
"TCF7L2_ANO1","TCF7L2","ANO1"
"AKT3_ANO1","AKT3","ANO1"
"CD14_ANO1","CD14","ANO1"
"CSF1R_ANO1","CSF1R","ANO1"
"KIT_ANO1","KIT","ANO1"
"DUSP6_ANO1","DUSP6","ANO1"
"ZBTB16_ANO1","ZBTB16","ANO1"
"MAP2K2_ANO1","MAP2K2","ANO1"
"SPI1_ANO1","SPI1","ANO1"
"SOS2_ANO1","SOS2","ANO1"
"CEBPE_ANO1","CEBPE","ANO1"
"BRAF_ANO1","BRAF","ANO1"
"PIK3CA_ANO1","PIK3CA","ANO1"
"PIK3CD_ANO1","PIK3CD","ANO1"
"PPARD_ANO1","PPARD","ANO1"
"RARA_ANO1","RARA","ANO1"
"PIM2_ANO1","PIM2","ANO1"
"NFKB1_ANO1","NFKB1","ANO1"
"PIM1_ANO1","PIM1","ANO1"
"MPO_ANO1","MPO","ANO1"
"STAT5B_ANO1","STAT5B","ANO1"
"EIF4EBP1_ANO1","EIF4EBP1","ANO1"
"GRB2_ANO1","GRB2","ANO1"
"IKBKG_ANO1","IKBKG","ANO1"
"AKT2_ANO1","AKT2","ANO1"
"STAT5A_ANO1","STAT5A","ANO1"
"HTRA1_ANO1","HTRA1","ANO1"
"DCBLD2_ANO1","DCBLD2","ANO1"
"IFITM3_ANO1","IFITM3","ANO1"
"ANXA2_ANO1","ANXA2","ANO1"
"F2RL1_ANO1","F2RL1","ANO1"
"MYH14_ANO1","MYH14","ANO1"
"TMC6_ANO1","TMC6","ANO1"
"VAV1_ANO1","VAV1","ANO1"
"TGFBR2_ANO1","TGFBR2","ANO1"
"EPCAM_ANO1","EPCAM","ANO1"
"RELA_GP1BA","RELA","GP1BA"
"MAPK1_GP1BA","MAPK1","GP1BA"
"CCNA2_GP1BA","CCNA2","GP1BA"
"MAP2K1_GP1BA","MAP2K1","GP1BA"
"PIK3R1_GP1BA","PIK3R1","GP1BA"
"MTOR_GP1BA","MTOR","GP1BA"
"PIK3R3_GP1BA","PIK3R3","GP1BA"
"RUNX1T1_GP1BA","RUNX1T1","GP1BA"
"PIK3R2_GP1BA","PIK3R2","GP1BA"
"CHUK_GP1BA","CHUK","GP1BA"
"PIK3CB_GP1BA","PIK3CB","GP1BA"
"MYC_GP1BA","MYC","GP1BA"
"FCGR1A_GP1BA","FCGR1A","GP1BA"
"FLT3_GP1BA","FLT3","GP1BA"
"ITGAM_GP1BA","ITGAM","GP1BA"
"TCF7L2_GP1BA","TCF7L2","GP1BA"
"AKT3_GP1BA","AKT3","GP1BA"
"LEF1_GP1BA","LEF1","GP1BA"
"CD14_GP1BA","CD14","GP1BA"
"CSF1R_GP1BA","CSF1R","GP1BA"
"CCNA1_GP1BA","CCNA1","GP1BA"
"KIT_GP1BA","KIT","GP1BA"
"DUSP6_GP1BA","DUSP6","GP1BA"
"RPS6KB2_GP1BA","RPS6KB2","GP1BA"
"ZBTB16_GP1BA","ZBTB16","GP1BA"
"MAP2K2_GP1BA","MAP2K2","GP1BA"
"SPI1_GP1BA","SPI1","GP1BA"
"P3R3URF.PIK3R3_GP1BA","P3R3URF.PIK3R3","GP1BA"
"SOS2_GP1BA","SOS2","GP1BA"
"CEBPE_GP1BA","CEBPE","GP1BA"
"CCND1_GP1BA","CCND1","GP1BA"
"PIK3CA_GP1BA","PIK3CA","GP1BA"
"PIK3CD_GP1BA","PIK3CD","GP1BA"
"PPARD_GP1BA","PPARD","GP1BA"
"RARA_GP1BA","RARA","GP1BA"
"PIM2_GP1BA","PIM2","GP1BA"
"NFKB1_GP1BA","NFKB1","GP1BA"
"PIM1_GP1BA","PIM1","GP1BA"
"MPO_GP1BA","MPO","GP1BA"
"STAT5B_GP1BA","STAT5B","GP1BA"
"EIF4EBP1_GP1BA","EIF4EBP1","GP1BA"
"IKBKB_GP1BA","IKBKB","GP1BA"
"IKBKG_GP1BA","IKBKG","GP1BA"
"AKT2_GP1BA","AKT2","GP1BA"
"STAT5A_GP1BA","STAT5A","GP1BA"
"HTRA1_GP1BA","HTRA1","GP1BA"
"DCBLD2_GP1BA","DCBLD2","GP1BA"
"IFITM3_GP1BA","IFITM3","GP1BA"
"BAK1_GP1BA","BAK1","GP1BA"
"MYH14_GP1BA","MYH14","GP1BA"
"COL4A1_GP1BA","COL4A1","GP1BA"
"ANO1_GP1BA","ANO1","GP1BA"
"TMEM98_GP1BA","TMEM98","GP1BA"
"TMC6_GP1BA","TMC6","GP1BA"
"VAV1_GP1BA","VAV1","GP1BA"
"COL8A1_GP1BA","COL8A1","GP1BA"
"EPCAM_GP1BA","EPCAM","GP1BA"
"RELA_TMEM98","RELA","TMEM98"
"MAPK1_TMEM98","MAPK1","TMEM98"
"MAP2K1_TMEM98","MAP2K1","TMEM98"
"PIK3R1_TMEM98","PIK3R1","TMEM98"
"MTOR_TMEM98","MTOR","TMEM98"
"PIK3R3_TMEM98","PIK3R3","TMEM98"
"JUP_TMEM98","JUP","TMEM98"
"RUNX1T1_TMEM98","RUNX1T1","TMEM98"
"PIK3R2_TMEM98","PIK3R2","TMEM98"
"CHUK_TMEM98","CHUK","TMEM98"
"MYC_TMEM98","MYC","TMEM98"
"FCGR1A_TMEM98","FCGR1A","TMEM98"
"FLT3_TMEM98","FLT3","TMEM98"
"ITGAM_TMEM98","ITGAM","TMEM98"
"TCF7L2_TMEM98","TCF7L2","TMEM98"
"AKT3_TMEM98","AKT3","TMEM98"
"LEF1_TMEM98","LEF1","TMEM98"
"CSF1R_TMEM98","CSF1R","TMEM98"
"CCNA1_TMEM98","CCNA1","TMEM98"
"KIT_TMEM98","KIT","TMEM98"
"RPS6KB2_TMEM98","RPS6KB2","TMEM98"
"ZBTB16_TMEM98","ZBTB16","TMEM98"
"MAP2K2_TMEM98","MAP2K2","TMEM98"
"SPI1_TMEM98","SPI1","TMEM98"
"P3R3URF.PIK3R3_TMEM98","P3R3URF.PIK3R3","TMEM98"
"CEBPE_TMEM98","CEBPE","TMEM98"
"BRAF_TMEM98","BRAF","TMEM98"
"PIK3CA_TMEM98","PIK3CA","TMEM98"
"PIK3CD_TMEM98","PIK3CD","TMEM98"
"PPARD_TMEM98","PPARD","TMEM98"
"RARA_TMEM98","RARA","TMEM98"
"PIM2_TMEM98","PIM2","TMEM98"
"NFKB1_TMEM98","NFKB1","TMEM98"
"STAT5B_TMEM98","STAT5B","TMEM98"
"EIF4EBP1_TMEM98","EIF4EBP1","TMEM98"
"IKBKB_TMEM98","IKBKB","TMEM98"
"IKBKG_TMEM98","IKBKG","TMEM98"
"STAT5A_TMEM98","STAT5A","TMEM98"
"DCBLD2_TMEM98","DCBLD2","TMEM98"
"IFITM3_TMEM98","IFITM3","TMEM98"
"ANXA2_TMEM98","ANXA2","TMEM98"
"F2RL1_TMEM98","F2RL1","TMEM98"
"BAK1_TMEM98","BAK1","TMEM98"
"MYH14_TMEM98","MYH14","TMEM98"
"ANO1_TMEM98","ANO1","TMEM98"
"GP1BA_TMEM98","GP1BA","TMEM98"
"TMC6_TMEM98","TMC6","TMEM98"
"VAV1_TMEM98","VAV1","TMEM98"
"TGFBR2_TMEM98","TGFBR2","TMEM98"
"COL8A1_TMEM98","COL8A1","TMEM98"
"EPCAM_TMEM98","EPCAM","TMEM98"
"CCNA2_TMC6","CCNA2","TMC6"
"MAP2K1_TMC6","MAP2K1","TMC6"
"PIK3R1_TMC6","PIK3R1","TMC6"
"MTOR_TMC6","MTOR","TMC6"
"RUNX1T1_TMC6","RUNX1T1","TMC6"
"CHUK_TMC6","CHUK","TMC6"
"PIK3CB_TMC6","PIK3CB","TMC6"
"MYC_TMC6","MYC","TMC6"
"TCF7L2_TMC6","TCF7L2","TMC6"
"AKT3_TMC6","AKT3","TMC6"
"CSF1R_TMC6","CSF1R","TMC6"
"CCNA1_TMC6","CCNA1","TMC6"
"DUSP6_TMC6","DUSP6","TMC6"
"ZBTB16_TMC6","ZBTB16","TMC6"
"MAP2K2_TMC6","MAP2K2","TMC6"
"P3R3URF.PIK3R3_TMC6","P3R3URF.PIK3R3","TMC6"
"SOS2_TMC6","SOS2","TMC6"
"CEBPE_TMC6","CEBPE","TMC6"
"BRAF_TMC6","BRAF","TMC6"
"PIK3CA_TMC6","PIK3CA","TMC6"
"PIK3CD_TMC6","PIK3CD","TMC6"
"PPARD_TMC6","PPARD","TMC6"
"RARA_TMC6","RARA","TMC6"
"PIM2_TMC6","PIM2","TMC6"
"MPO_TMC6","MPO","TMC6"
"EIF4EBP1_TMC6","EIF4EBP1","TMC6"
"IKBKB_TMC6","IKBKB","TMC6"
"IKBKG_TMC6","IKBKG","TMC6"
"AKT2_TMC6","AKT2","TMC6"
"HTRA1_TMC6","HTRA1","TMC6"
"DCBLD2_TMC6","DCBLD2","TMC6"
"IFITM3_TMC6","IFITM3","TMC6"
"ANXA2_TMC6","ANXA2","TMC6"
"F2RL1_TMC6","F2RL1","TMC6"
"BAK1_TMC6","BAK1","TMC6"
"MYH14_TMC6","MYH14","TMC6"
"COL4A1_TMC6","COL4A1","TMC6"
"ANO1_TMC6","ANO1","TMC6"
"TMEM98_TMC6","TMEM98","TMC6"
"TGFBR2_TMC6","TGFBR2","TMC6"
"COL8A1_TMC6","COL8A1","TMC6"
"EPCAM_TMC6","EPCAM","TMC6"
"RELA_VAV1","RELA","VAV1"
"MAPK1_VAV1","MAPK1","VAV1"
"MAP2K1_VAV1","MAP2K1","VAV1"
"MTOR_VAV1","MTOR","VAV1"
"PIK3R3_VAV1","PIK3R3","VAV1"
"JUP_VAV1","JUP","VAV1"
"RUNX1T1_VAV1","RUNX1T1","VAV1"
"PIK3R2_VAV1","PIK3R2","VAV1"
"PIK3CB_VAV1","PIK3CB","VAV1"
"MYC_VAV1","MYC","VAV1"
"FCGR1A_VAV1","FCGR1A","VAV1"
"FLT3_VAV1","FLT3","VAV1"
"TCF7L2_VAV1","TCF7L2","VAV1"
"AKT3_VAV1","AKT3","VAV1"
"CD14_VAV1","CD14","VAV1"
"CSF1R_VAV1","CSF1R","VAV1"
"CCNA1_VAV1","CCNA1","VAV1"
"KIT_VAV1","KIT","VAV1"
"DUSP6_VAV1","DUSP6","VAV1"
"RPS6KB2_VAV1","RPS6KB2","VAV1"
"ZBTB16_VAV1","ZBTB16","VAV1"
"MAP2K2_VAV1","MAP2K2","VAV1"
"SOS2_VAV1","SOS2","VAV1"
"CEBPE_VAV1","CEBPE","VAV1"
"BRAF_VAV1","BRAF","VAV1"
"CCND1_VAV1","CCND1","VAV1"
"PPARD_VAV1","PPARD","VAV1"
"RARA_VAV1","RARA","VAV1"
"PIM2_VAV1","PIM2","VAV1"
"PIM1_VAV1","PIM1","VAV1"
"STAT5B_VAV1","STAT5B","VAV1"
"EIF4EBP1_VAV1","EIF4EBP1","VAV1"
"IKBKB_VAV1","IKBKB","VAV1"
"IKBKG_VAV1","IKBKG","VAV1"
"AKT2_VAV1","AKT2","VAV1"
"STAT5A_VAV1","STAT5A","VAV1"
"HTRA1_VAV1","HTRA1","VAV1"
"DCBLD2_VAV1","DCBLD2","VAV1"
"IFITM3_VAV1","IFITM3","VAV1"
"ANXA2_VAV1","ANXA2","VAV1"
"F2RL1_VAV1","F2RL1","VAV1"
"BAK1_VAV1","BAK1","VAV1"
"MYH14_VAV1","MYH14","VAV1"
"COL4A1_VAV1","COL4A1","VAV1"
"ANO1_VAV1","ANO1","VAV1"
"TMEM98_VAV1","TMEM98","VAV1"
"TMC6_VAV1","TMC6","VAV1"
"EPCAM_VAV1","EPCAM","VAV1"
"RELA_TGFBR2","RELA","TGFBR2"
"CCNA2_TGFBR2","CCNA2","TGFBR2"
"MAP2K1_TGFBR2","MAP2K1","TGFBR2"
"PIK3R1_TGFBR2","PIK3R1","TGFBR2"
"MTOR_TGFBR2","MTOR","TGFBR2"
"PIK3R3_TGFBR2","PIK3R3","TGFBR2"
"CHUK_TGFBR2","CHUK","TGFBR2"
"PIK3CB_TGFBR2","PIK3CB","TGFBR2"
"MYC_TGFBR2","MYC","TGFBR2"
"FCGR1A_TGFBR2","FCGR1A","TGFBR2"
"FLT3_TGFBR2","FLT3","TGFBR2"
"ITGAM_TGFBR2","ITGAM","TGFBR2"
"AKT3_TGFBR2","AKT3","TGFBR2"
"CD14_TGFBR2","CD14","TGFBR2"
"CCNA1_TGFBR2","CCNA1","TGFBR2"
"KIT_TGFBR2","KIT","TGFBR2"
"DUSP6_TGFBR2","DUSP6","TGFBR2"
"RPS6KB2_TGFBR2","RPS6KB2","TGFBR2"
"ZBTB16_TGFBR2","ZBTB16","TGFBR2"
"MAP2K2_TGFBR2","MAP2K2","TGFBR2"
"SPI1_TGFBR2","SPI1","TGFBR2"
"P3R3URF.PIK3R3_TGFBR2","P3R3URF.PIK3R3","TGFBR2"
"SOS2_TGFBR2","SOS2","TGFBR2"
"CEBPE_TGFBR2","CEBPE","TGFBR2"
"BRAF_TGFBR2","BRAF","TGFBR2"
"CCND1_TGFBR2","CCND1","TGFBR2"
"PIK3CA_TGFBR2","PIK3CA","TGFBR2"
"PIK3CD_TGFBR2","PIK3CD","TGFBR2"
"PPARD_TGFBR2","PPARD","TGFBR2"
"RARA_TGFBR2","RARA","TGFBR2"
"PIM2_TGFBR2","PIM2","TGFBR2"
"NFKB1_TGFBR2","NFKB1","TGFBR2"
"PIM1_TGFBR2","PIM1","TGFBR2"
"MPO_TGFBR2","MPO","TGFBR2"
"STAT5B_TGFBR2","STAT5B","TGFBR2"
"EIF4EBP1_TGFBR2","EIF4EBP1","TGFBR2"
"GRB2_TGFBR2","GRB2","TGFBR2"
"IKBKB_TGFBR2","IKBKB","TGFBR2"
"IKBKG_TGFBR2","IKBKG","TGFBR2"
"AKT2_TGFBR2","AKT2","TGFBR2"
"STAT5A_TGFBR2","STAT5A","TGFBR2"
"HTRA1_TGFBR2","HTRA1","TGFBR2"
"DCBLD2_TGFBR2","DCBLD2","TGFBR2"
"IFITM3_TGFBR2","IFITM3","TGFBR2"
"ANXA2_TGFBR2","ANXA2","TGFBR2"
"F2RL1_TGFBR2","F2RL1","TGFBR2"
"MYH14_TGFBR2","MYH14","TGFBR2"
"COL4A1_TGFBR2","COL4A1","TGFBR2"
"ANO1_TGFBR2","ANO1","TGFBR2"
"GP1BA_TGFBR2","GP1BA","TGFBR2"
"TMEM98_TGFBR2","TMEM98","TGFBR2"
"TMC6_TGFBR2","TMC6","TGFBR2"
"VAV1_TGFBR2","VAV1","TGFBR2"
"COL8A1_TGFBR2","COL8A1","TGFBR2"
"EPCAM_TGFBR2","EPCAM","TGFBR2"
"RELA_COL8A1","RELA","COL8A1"
"MAPK1_COL8A1","MAPK1","COL8A1"
"CCNA2_COL8A1","CCNA2","COL8A1"
"MAP2K1_COL8A1","MAP2K1","COL8A1"
"PIK3R1_COL8A1","PIK3R1","COL8A1"
"PIK3R3_COL8A1","PIK3R3","COL8A1"
"RUNX1T1_COL8A1","RUNX1T1","COL8A1"
"CHUK_COL8A1","CHUK","COL8A1"
"PIK3CB_COL8A1","PIK3CB","COL8A1"
"MYC_COL8A1","MYC","COL8A1"
"FCGR1A_COL8A1","FCGR1A","COL8A1"
"FLT3_COL8A1","FLT3","COL8A1"
"AKT3_COL8A1","AKT3","COL8A1"
"CD14_COL8A1","CD14","COL8A1"
"CSF1R_COL8A1","CSF1R","COL8A1"
"KIT_COL8A1","KIT","COL8A1"
"DUSP6_COL8A1","DUSP6","COL8A1"
"RPS6KB2_COL8A1","RPS6KB2","COL8A1"
"ZBTB16_COL8A1","ZBTB16","COL8A1"
"SPI1_COL8A1","SPI1","COL8A1"
"P3R3URF.PIK3R3_COL8A1","P3R3URF.PIK3R3","COL8A1"
"SOS2_COL8A1","SOS2","COL8A1"
"CEBPE_COL8A1","CEBPE","COL8A1"
"CCND1_COL8A1","CCND1","COL8A1"
"PIK3CA_COL8A1","PIK3CA","COL8A1"
"PIK3CD_COL8A1","PIK3CD","COL8A1"
"PPARD_COL8A1","PPARD","COL8A1"
"RARA_COL8A1","RARA","COL8A1"
"PIM2_COL8A1","PIM2","COL8A1"
"NFKB1_COL8A1","NFKB1","COL8A1"
"PIM1_COL8A1","PIM1","COL8A1"
"MPO_COL8A1","MPO","COL8A1"
"STAT5B_COL8A1","STAT5B","COL8A1"
"EIF4EBP1_COL8A1","EIF4EBP1","COL8A1"
"GRB2_COL8A1","GRB2","COL8A1"
"IKBKB_COL8A1","IKBKB","COL8A1"
"IKBKG_COL8A1","IKBKG","COL8A1"
"AKT2_COL8A1","AKT2","COL8A1"
"STAT5A_COL8A1","STAT5A","COL8A1"
"HTRA1_COL8A1","HTRA1","COL8A1"
"DCBLD2_COL8A1","DCBLD2","COL8A1"
"IFITM3_COL8A1","IFITM3","COL8A1"
"ANXA2_COL8A1","ANXA2","COL8A1"
"F2RL1_COL8A1","F2RL1","COL8A1"
"BAK1_COL8A1","BAK1","COL8A1"
"MYH14_COL8A1","MYH14","COL8A1"
"COL4A1_COL8A1","COL4A1","COL8A1"
"ANO1_COL8A1","ANO1","COL8A1"
"GP1BA_COL8A1","GP1BA","COL8A1"
"TMEM98_COL8A1","TMEM98","COL8A1"
"TMC6_COL8A1","TMC6","COL8A1"
"VAV1_COL8A1","VAV1","COL8A1"
"EPCAM_COL8A1","EPCAM","COL8A1"
"RELA_EPCAM","RELA","EPCAM"
"MAPK1_EPCAM","MAPK1","EPCAM"
"CCNA2_EPCAM","CCNA2","EPCAM"
"MAP2K1_EPCAM","MAP2K1","EPCAM"
"PIK3R1_EPCAM","PIK3R1","EPCAM"
"MTOR_EPCAM","MTOR","EPCAM"
"PIK3R3_EPCAM","PIK3R3","EPCAM"
"RUNX1T1_EPCAM","RUNX1T1","EPCAM"
"PIK3R2_EPCAM","PIK3R2","EPCAM"
"CHUK_EPCAM","CHUK","EPCAM"
"MYC_EPCAM","MYC","EPCAM"
"FCGR1A_EPCAM","FCGR1A","EPCAM"
"FLT3_EPCAM","FLT3","EPCAM"
"TCF7L2_EPCAM","TCF7L2","EPCAM"
"AKT3_EPCAM","AKT3","EPCAM"
"LEF1_EPCAM","LEF1","EPCAM"
"CCNA1_EPCAM","CCNA1","EPCAM"
"KIT_EPCAM","KIT","EPCAM"
"RPS6KB2_EPCAM","RPS6KB2","EPCAM"
"MAP2K2_EPCAM","MAP2K2","EPCAM"
"P3R3URF.PIK3R3_EPCAM","P3R3URF.PIK3R3","EPCAM"
"SOS2_EPCAM","SOS2","EPCAM"
"CEBPE_EPCAM","CEBPE","EPCAM"
"BRAF_EPCAM","BRAF","EPCAM"
"CCND1_EPCAM","CCND1","EPCAM"
"PIK3CA_EPCAM","PIK3CA","EPCAM"
"PIK3CD_EPCAM","PIK3CD","EPCAM"
"PPARD_EPCAM","PPARD","EPCAM"
"RARA_EPCAM","RARA","EPCAM"
"PIM2_EPCAM","PIM2","EPCAM"
"NFKB1_EPCAM","NFKB1","EPCAM"
"PIM1_EPCAM","PIM1","EPCAM"
"MPO_EPCAM","MPO","EPCAM"
"GRB2_EPCAM","GRB2","EPCAM"
"IKBKB_EPCAM","IKBKB","EPCAM"
"IKBKG_EPCAM","IKBKG","EPCAM"
"AKT2_EPCAM","AKT2","EPCAM"
"STAT5A_EPCAM","STAT5A","EPCAM"
"HTRA1_EPCAM","HTRA1","EPCAM"
"DCBLD2_EPCAM","DCBLD2","EPCAM"
"IFITM3_EPCAM","IFITM3","EPCAM"
"ANXA2_EPCAM","ANXA2","EPCAM"
"F2RL1_EPCAM","F2RL1","EPCAM"
"BAK1_EPCAM","BAK1","EPCAM"
"MYH14_EPCAM","MYH14","EPCAM"
"COL4A1_EPCAM","COL4A1","EPCAM"
"ANO1_EPCAM","ANO1","EPCAM"
"GP1BA_EPCAM","GP1BA","EPCAM"
"VAV1_EPCAM","VAV1","EPCAM"
"COL8A1_EPCAM","COL8A1","EPCAM"
